,Quadrant,Teilquadrant,Ortsnummer,Ortsbuchstaben,Ortsname_cor,Kreis,Land,I,II,III,IV,X12,RES_1st_run,Ortsname_old,Stadt oder Gemeinde oder Landkreis
16,111,5,6,au,Rhoden,der Twiste,Hessen-Nassau,j,j,j,j,NA,not detected,Rhoden-Walbeck,
18,111,5,10,cr,Calenberg,Warburg,Westfalen,j,j,j,NA,NA,not detected,Kalenberg,
31,111,10,8,ao,Canstein,Brilon,Westfalen,j,j,j,j,NA,not detected,Kanstein,
34,111,10,20,ao,Mengeringhausen,der Twiste,Hessen-Nassau,j,j,j,j,NA,not detected,Mengeringhausen,
52,111,22,1,du,Nieder-Ense,des Eisenbergs,Hessen-Nassau,j,j,j,j,NA,not detected,Nieder Ense,
85,111,30,24,bu,Udenborn,Fritzlar-Homberg,Hessen-Nassau,j,j,NA,NA,NA,not detected,Adenborn,
88,111,33,9,b,Frankenberg,Frankenberg,Hessen-Nassau,j,j,j,j,NA,not detected,Frankenberg,Eder
92,111,34,18,br,Halgehausen ,Frankenberg,Hessen-Nassau,j,j,j,j,NA,not detected,Halgehausen,Haina
96,111,35,15,cr,Oberurff-Schiffelborn,Fritzlar-Homberg,Hessen-Nassau,j,j,j,j,NA,not detected,Oberurff,
99,111,36,3,b,Grossenenglis,Fritzlar-Homberg,Hessen-Nassau,NA,NA,NA,j,NA,not detected,Großenenglis,
105,112,2,25,c,Hann. Münden,NA,Hannover,j,j,j,j,NA,not detected,Hannoversch Münden,
114,112,4,3,b,Klostergut Reinshof,Göttingen,Hannover,j,j,NA,NA,NA,not detected,Reinshof,
121,112,4,23,c,Friedland,Göttingen,Hannover,j,j,j,j,NA,not detected,Friedland an der Leine,
123,112,5,2,cr,Benniehausen ,Göttingen,Hannover,j,j,j,j,NA,not detected,Benniehausen,Gleichen
129,112,5,19,da,Weißenborn ,Göttingen,Hannover,j,j,j,j,NA,not detected,Weißenborn,Werra-Meißner
133,112,6,3,bl,Gerblingerode ,Duderstadt,Hannover,j,j,j,j,NA,not detected,Gerblingerode,Duderstadt
134,112,6,5,cl,Wehnde ,Worbis,Pr. Sachsen,j,j,j,j,NA,not detected,Wehnde,Eichsfeld
135,112,6,9,dr,Tastungen ,Worbis,Pr. Sachsen,j,j,j,j,NA,not detected,Tastungen,Eichsfeld
138,112,6,21,bd,Reinholterode,Heiligenstadt,Pr. Sachsen,j,j,j,j,NA,not detected,Rheinholterode,
141,112,7,2,br,Calden,Hofgeismar,Hessen-Nassau,j,j,j,j,NA,not detected,Kalden,
155,112,10,8,br,Niedergandern ,Göttingen,Hannover,j,j,j,j,NA,not detected,Niedergandern,Friedland
159,112,11,3,ao,Streitholz ,Heiligenstadt,Pr. Sachsen,j,j,j,j,NA,not detected,Streitholz,Hohes Kreuz
160,112,11,3,du,Mengelrode ,Heiligenstadt,Pr. Sachsen,j,j,j,j,NA,not detected,Mengelrode,Hohes Kreuz
162,112,11,13,bl,Rengelrode,Heiligenstadt,Pr. Sachsen,j,j,j,j,NA,not detected,Rengelrode,Heilbad Heiligenstadt
163,112,11,14,b,Heilbad Heiligenstadt,Heiligenstadt,Pr. Sachsen,j,j,NA,NA,NA,not detected,Heiligenstadt,
164,112,11,18,al,Uder ,Heiligenstadt,Pr. Sachsen,j,j,j,j,NA,not detected,Uder,Eichsfeld
166,112,12,6,b,Bodenrode-Westhausen,Heiligenstadt,Pr. Sachsen,j,j,j,j,NA,not detected,Westhausen,
167,112,12,7,ao,Bodenrode ,Worbis,Pr. Sachsen,j,NA,j,j,NA,not detected,Bodenrode,Bodenrode-Westhausen
168,112,12,7,br,Wingerode ,Worbis,Pr. Sachsen,j,j,j,j,NA,not detected,Wingerode,Eichsfeld
169,112,12,10,co,Leinefelde-Worbis,Worbis,Pr. Sachsen,j,j,j,j,NA,not detected,Leinefelde,
178,112,15,5,cl,Roßbach ,Witzenhausen,Hessen-Nassau,NA,j,NA,NA,NA,not detected,Roßbach,Witzenhausen
181,112,15,24,au,Großalmerode ,Witzenhausen,Hessen-Nassau,j,j,j,j,NA,not detected,Großalmerode,Witzenhausen
182,112,16,3,a,Werleshausen,Heiligenstadt,Pr. Sachsen,j,NA,j,j,NA,not detected,Werleshausen,Witzenhausen
185,112,16,14,br,Wahlhausen ,Heiligenstadt,Pr. Sachsen,j,j,j,j,NA,not detected,Wahlhausen,Eichsfeld
191,112,17,24,ab,Lehna ,Heiligenstadt,Pr. Sachsen,j,j,j,j,NA,not detected,Lehna,Schimberg
195,112,18,22,cu,Großbartloff ,Heiligenstadt,Pr. Sachsen,j,j,j,j,NA,not detected,Großbartloff,Eichsfeld
202,112,20,22,a,Empfershausen ,Melsungen,Hessen-Nassau,j,j,j,j,NA,not detected,Empfershausen,Körle
211,112,23,9,br,Großtöpfer ,Heiligenstadt,Pr. Sachsen,j,j,NA,NA,NA,not detected,Großtöpfer,Eichsfeld
215,112,24,9,do,Struth ,Mühlhausen,Pr. Sachsen,j,j,j,j,NA,not detected,Struth,Rodeberg
224,112,26,22,al,Malsfeld,Melsungen,Hessen-Nassau,j,j,j,j,NA,not detected,Malsfeld,Schwalm-Eder 
231,112,29,14,au,Weißenborn ,Eschwege,Hessen-Nassau,j,j,j,j,NA,not detected,Weißenborn,Werra-Meißner
235,112,30,6,c,Großburschla ,Mühlhausen,Pr. Sachsen,j,j,j,j,NA,not detected,Großburschla,Treffurt
273,124,27,1,du,Berod bei Wallmerod,Oberwesterwaldkreis,Hessen-Nassau,NA,NA,NA,j,NA,not detected,Berod,
274,124,27,6,al,Lautzert ,Neuwied,Rheinprovinz,j,j,NA,NA,NA,not detected,Lautzert,Oberdreis
277,124,27,16,c,Roßbach ,Oberwesterwaldkreis,Hessen-Nassau,j,j,j,j,NA,not detected,Roßbach,Westerwald
278,124,27,19,b,Steinebach an der Wied,Oberwesterwaldkreis,Hessen-Nassau,j,j,j,j,NA,not detected,Steinebach,
279,124,28,4,cu,Bad Marienberg,Oberwesterwaldkreis,Hessen-Nassau,j,j,j,j,NA,not detected,Marienberg,
288,124,29,12,al,Neustadt,Oberwesterwaldkreis,Hessen-Nassau,j,j,j,NA,NA,not detected,Neustadt,Westerwald
309,124,35,11,c,Berzhahn ,Oberwesterwaldkreis,Hessen-Nassau,j,j,j,NA,NA,not detected,Berzhahn,Westerwald
322,125,2,3,d,Holzhausen ,Biedenkopf,Hessen-Nassau,j,j,j,j,NA,not detected,Holzhausen an der Eder,Hatzfeld
347,125,8,25,ar,Caldern,Marburg,Hessen-Nassau,j,j,j,j,NA,not detected,Kaldern,
369,125,14,24,d,Nanzhausen,Marburg,Hessen-Nassau,j,j,j,j,NA,not detected,Nanzhausen,Lohra
373,125,15,18,b,Cappel,Marburg,Hessen-Nassau,j,j,j,j,NA,not detected,Kappel,
381,125,16,24,d,Nieder-Ofleiden,Alsfeld,Hessen,j,j,j,j,NA,not detected,Nieder Ofleiden,
388,125,18,8,au,Heidelbach ,Alsfeld,Hessen,j,j,j,j,NA,not detected,Heidelbach,Alsfeld
398,125,20,8,dr,Rollshausen ,Marburg,Hessen-Nassau,NA,j,j,NA,NA,not detected,Rollshausen,Lohra
407,125,21,25,a,Allendorf ,Gießen,Hessen,j,j,j,j,NA,not detected,Allendorf an der Lunda,Lumda
411,125,22,19,b,Schadenbach ,Alsfeld,Hessen,j,j,j,NA,NA,not detected,Schadenbach,Homberg
416,125,23,16,al,Büßfeld ,Alsfeld,Hessen,j,NA,NA,NA,NA,not detected,Büßfeld,Homberg
417,125,23,17,b,Nieder-Gemünden,Alsfeld,Hessen,j,j,j,j,NA,not detected,Nieder Gemünden,
422,125,24,17,bl,Nieder-Breidenbach,Alsfeld,Hessen,j,j,j,j,NA,not detected,Nieder Breidenbach,
423,125,24,18,cl,Strebendorf ,Alsfeld,Hessen,j,j,j,j,NA,not detected,Strebendorf,Romrod
438,125,27,6,c,Wißmar,Wetzlar,Hessen-Nassau,NA,j,j,j,NA,not detected,Wißmar,Wettenberg
440,125,27,13,cr,Alten-Buseck,Gießen,Hessen,j,j,j,j,NA,not detected,Alten Buseck,
443,125,27,18,au,Trohe ,Gießen,Hessen,j,j,j,j,NA,not detected,Trohe,Buseck
445,125,27,19,co,Großen-Buseck,Gießen,Hessen,j,j,j,j,NA,not detected,Großen Buseck,
461,125,29,6,bo,Nieder-Ohmen,Alsfeld,Hessen,j,j,j,j,NA,not detected,Nieder Ohmen,
465,125,29,19,ao,Ober-Ohmen,Alsfeld,Hessen,j,j,j,j,NA,not detected,Ober Ohmen,
466,125,29,20,cl,Unter-Seibertenrod,Schotten,Hessen,j,j,j,j,NA,not detected,Unter Seibertenrod,
468,125,29,25,co,Ober-Seibertenrod,Schotten,Hessen,j,NA,NA,NA,NA,not detected,Ober Seibertenrod,
482,125,32,10,au,Kleinlinden,Gießen,Hessen,j,j,j,j,NA,not detected,Klein Linden,
485,125,32,20,a,Großen-Linden,Gießen,Hessen,j,j,NA,NA,NA,not detected,Großen Linden,
499,125,34,12,dr,Ober-Bessingen,Gießen,Hessen,j,j,j,NA,NA,not detected,Ober Bessingen,
517,126,1,17,c,Großropperhausen ,Ziegenhain,Hessen-Nassau,NA,NA,j,NA,NA,not detected,Großropperhausen,Frielendorf
519,126,2,1,br,Nenterode ,Rotenburg,Hessen-Nassau,j,NA,NA,NA,NA,not detected,Nenterode,Knüllwald
525,126,4,4,d,Süß ,Rotenburg,Hessen-Nassau,NA,NA,j,j,NA,not detected,Süß,Nentershausen
530,126,5,17,do,Berka,Eisenach,Thüringen,NA,NA,NA,j,NA,not detected,Berka,Werra-Suhl-Tal
544,126,8,18,co,Goßmannsrode ,Hersfeld,Hessen-Nassau,j,j,j,j,NA,not detected,Goßmannsrode,Kirchheim
545,126,9,11,b,Kalkobes,Hersfeld,Hessen-Nassau,NA,j,j,j,NA,not detected,Hersfeld-Kalkobes,
547,126,10,8,cr,Herfa,Hersfeld,Hessen-Nassau,NA,NA,j,NA,NA,not detected,Hersa,
552,126,11,21,au,Philippsthal ,Hersfeld,Hessen-Nassau,j,j,j,j,NA,not detected,Philippsthal,Werra
558,126,12,13,ar,Kupfersuhl ,Eisenach,Thüringen,j,j,j,j,NA,not detected,Kupfersuhl,Bad Salzungen
565,126,13,25,cu,Wallersdorf,Alsfeld,Hessen,NA,j,j,NA,NA,not detected,Wallersdorf,Grebenau
578,126,18,1,c,Kaiseroda ,Eisenach,Thüringen,j,j,j,j,NA,not detected,Kaiseroda,Leimbach
582,126,18,12,d,Kaltenborn,Meiningen,Thüringen,j,j,j,j,NA,not detected,Kaltenborn,Bad Salzungen
584,126,18,25,ar,Breitungen/Werra,Meiningen,Thüringen,NA,j,j,j,NA,not detected,Breitungen,Schmalkalden-Meiningen
587,126,20,3,a,Ober-Wegfurth,Lauterbach,Hessen,j,NA,NA,NA,NA,not detected,Ober Wegfurth,
596,126,22,1,bu,Großentaft ,Hünfeld,Hessen-Nassau,j,j,j,j,NA,not detected,Großentaft,Eiterfeld
599,126,23,1,do,Otzbach ,Eisenach,Thüringen,j,j,j,j,NA,not detected,Otzbach,Geisa
600,126,23,2,b,Oechsen,Eisenach,Thüringen,j,j,j,j,NA,not detected,Dechsen,
601,126,23,11,cd,Zitters ,Eisenach,Thüringen,j,j,j,j,NA,not detected,Zitters,Schleid
604,126,24,1,c,Urnshausen,Eisenach,Thüringen,j,j,j,j,NA,not detected,Urnshausen,Dermbach
611,126,25,6,co,Sickendorf ,Lauterbach,Hessen,j,j,NA,j,NA,not detected,Sickendorf,Lauterbach
612,126,25,7,d,Lauterbach,Lauterbach,Hessen,NA,j,NA,NA,NA,not detected,Lauterbach,Vogelsbergkreis
613,126,25,12,d,Blitzenrod ,Lauterbach,Hessen,j,j,j,j,NA,not detected,Blitzenrod,Lauterbach
619,126,26,22,c,Großenlüder ,Fulda,Hessen-Nassau,NA,NA,j,j,NA,not detected,Großenlüder,Fulda
623,126,28,6,bo,Mittelaschenbach,Hünfeld,Hessen-Nassau,NA,NA,NA,j,NA,not detected,Mittelaschenbach,Nüsttal
629,126,29,9,a,Klings ,Eisenach,Thüringen,j,j,j,j,NA,not detected,Klings,Kaltennordheim
648,126,31,23,b,Zahmen,Lauterbach,Hessen,j,j,j,j,NA,not detected,Zahmen,Grebenhain
654,126,33,12,ar,Bachrain ,Fulda,Hessen-Nassau,j,j,j,j,NA,not detected,Künzell-Bachrain,Künzell
656,126,34,11,d,Wolferts ,Fulda,Hessen-Nassau,NA,NA,j,NA,NA,not detected,Wolferts,Dipperz
666,138,2,6,au,Oberbieber ,Neuwied,Rheinprovinz,j,j,j,NA,NA,not detected,Oberbieber,Neuwied
667,138,2,8,ab,Isenburg ,Neuwied,Rheinprovinz,j,NA,j,j,NA,not detected,Isenburg,Neuwied
668,138,2,11,bl,Gladbach ,Neuwied,Rheinprovinz,j,j,j,j,NA,not detected,Gladbach,Neuwied
671,138,2,17,a,Heimbach-Weis ,Neuwied,Rheinprovinz,NA,NA,j,j,NA,not detected,Heimbach-Weis,Neuwied
672,138,2,22,ac,Engers ,Neuwied,Rheinprovinz,j,j,j,j,NA,not detected,Engers,Neuwied
679,138,4,17,br,Kleinholbach ,Unterwesterwaldkreis,Hessen-Nassau,j,j,j,j,NA,not detected,Kleinholbach,Girod
704,138,11,6,cl,Aull ,Unterlahnkreis,Hessen-Nassau,j,j,j,j,NA,not detected,Aull,Rhein-Lahn
723,138,16,18,b,Herold ,Unterlahnkreis,Hessen-Nassau,j,j,j,j,NA,not detected,Herold,Rhein-Lahn
724,138,16,19,bd,Klingelbach,Unterlahnkreis,Hessen-Nassau,j,j,j,j,NA,not detected,Klingelbach,Rhein-Lahn
733,138,21,3,b,Niederbachheim ,St. Goarshausen,Hessen-Nassau,j,j,j,j,NA,not detected,Niederbachheim,Rhein-Lahn
737,138,21,21,do,Wellmich ,St. Goarshausen,Hessen-Nassau,j,j,j,NA,NA,not detected,Wellmich,Sankt Goarshausen
750,138,27,2,cu,Sankt Goar ,St. Goar,Rheinprovinz,j,j,NA,NA,NA,not detected,St. Goar,
759,138,27,22,ao,Engehöll ,St. Goar,Rheinprovinz,j,j,j,NA,NA,not detected,Engehöll,Oberwesel
769,138,30,13,dr,Wiesbaden-Rambach,Wiesbaden,Hessen-Nassau,j,j,j,j,NA,not detected,Rambach ,
770,138,30,19,b,Wiesbaden-Heßloch,Wiesbaden,Hessen-Nassau,j,j,j,NA,NA,not detected,Heßloch,
775,138,33,14,co,Rheindiebach ,St. Goar,Rheinprovinz,j,j,NA,NA,NA,not detected,Rheindiebach,Oberdiebach
784,138,35,19,au,Eltville am Rhein,Rheingau,Hessen-Nassau,j,j,j,NA,NA,not detected,Eltville,
791,138,36,24,au,Mainz-Kastel,Mainz,Hessen,NA,j,j,j,NA,not detected,Kastel,
798,139,2,5,ab,Langgöns,Friedberg,Hessen,j,j,j,j,NA,not detected,Lang Göns,
800,139,2,10,c,Kirch-Göns,Friedberg,Hessen,j,j,NA,NA,NA,not detected,Kirchgöns,
801,139,2,15,a,Pohl-Göns,Friedberg,Hessen,j,j,j,j,NA,not detected,Pohlgöns,
802,139,2,17,b,Cleeberg,Wetzlar,Hessen-Nassau,j,j,j,j,NA,not detected,Kleeberg,
809,139,3,13,a,Ober-Hörgern,Gießen,Hessen,j,j,j,NA,NA,not detected,Ober Hörgern,
810,139,3,14,ar,Trais ,Friedberg,Hessen,j,j,j,j,NA,not detected,Trais-Münzenberg,Münzenberg
819,139,4,9,c,Langd ,Gießen,Hessen,j,j,j,j,NA,not detected,Landgd,Hungen
823,139,4,23,a,Unter-Widdersheim,Büdingen,Hessen,j,j,j,j,NA,not detected,Unter Widdersheim,
828,139,5,16,d,Unter-Schmitten,Büdingen,Hessen,j,j,j,j,NA,not detected,Unter Schmitten,
829,139,5,17,au,Ober-Schmitten,Schotten,Hessen,j,j,NA,j,NA,not detected,Ober Schmitten,
831,139,6,7,dl,Kaulstoß ,Schotten,Hessen,j,j,j,j,NA,not detected,Kaulstoß,Schotten
844,139,8,24,au,Friedrichsthal ,Usingen,Hessen-Nassau,j,j,j,j,NA,not detected,Friedrichsthal,Wehrheim
845,139,9,1,ar,Nieder-Weisel,Friedberg,Hessen,j,j,j,j,NA,not detected,Nieder Weisel,
849,139,9,11,do,Ober-Mörlen,Friedberg,Hessen,j,j,j,j,NA,not detected,Ober Mörlen,
852,139,9,23,cd,Friedberg ,Friedberg,Hessen,j,j,j,j,NA,not detected,Friedberg,Rhein-Main
855,139,10,4,d,Geiß-Nidda ,Büdingen,Hessen,j,j,j,j,NA,not detected,Geiß-Nidda,Nidda
861,139,10,17,c,Reichelsheim,Friedberg,Hessen,j,NA,j,j,NA,not detected,Reichelsheim,Wetterau
874,139,12,3,cu,Mittel-Seemen,Schotten,Hessen,j,j,NA,NA,NA,not detected,Mittel Seemen,
877,139,12,8,cu,Nieder-Seemen,Schotten,Hessen,j,j,j,j,NA,not detected,Nieder Seemen,
878,139,12,13,br,Böß-Gesäß,Büdingen,Hessen,j,NA,NA,NA,NA,not detected,Bös-Gesäß,
881,139,12,18,bl,Burgbracht,Büdingen,Hessen,j,NA,NA,NA,NA,not detected,Burg Bracht,
884,139,12,25,cr,Untersotzbach,Gelnhausen,Hessen-Nassau,j,j,j,j,NA,not detected,Untersotzbach,Birstein
890,139,14,11,ac,Neu-Anspach,Usingen,Hessen-Nassau,j,j,j,j,NA,not detected,Anspach,
893,139,15,6,d,Ober-Rosbach,Friedberg,Hessen,j,j,j,j,NA,not detected,Ober Rosberg v. d. Höhe,
898,139,16,1,d,Nieder-Florstadt,Friedberg,Hessen,NA,j,j,j,NA,not detected,Nieder Florstadt,
903,139,16,18,du,Höchst an der Nidder ,Büdingen,Hessen,j,j,j,j,NA,not detected,Höchst a. d. Nidder,Altenstadt
910,139,17,7,bo,Aulendiebach,Büdingen,Hessen,j,j,j,j,NA,not detected,Aulen-Diebach,
917,139,17,21,al,Himbach ,Büdingen,Hessen,j,j,j,j,NA,not detected,Himbach,Limeshain
931,139,20,10,cu,Ober-Eschbach,Friedberg,Hessen,j,j,j,j,NA,not detected,Ober Eschbach,
936,139,21,6,ad,Ober-Erlenbach,Friedberg,Hessen,j,j,j,j,NA,not detected,Ober Erlenbach,
938,139,21,11,cu,Nieder-Eschbach,Friedberg,Hessen,j,j,j,j,NA,not detected,Nieder Eschbach,
942,139,21,18,cu,Bad-Vilbel,Friedberg,Hessen,j,j,j,j,NA,not detected,Vilbel,
950,139,23,1,cl,Langen-Bergheim,Büdingen,Hessen,j,j,j,j,NA,not detected,Langenbergheim,
951,139,23,4,bd,Hain-Gründau,Büdingen,Hessen,j,NA,NA,NA,NA,not detected,Haingründau,
968,139,26,12,d,Frankfurt-Sossenheim,Frankfurt a. M.,Hessen-Nassau,j,j,j,NA,NA,not detected,Frankfurt a. M. - Gossenheim,
971,139,28,18,ao,Klein-Steinheim,Offenbach,Hessen,j,j,j,j,NA,not detected,Klein Steinheim,
972,139,28,18,du,Klein-Auheim,Offenbach,Hessen,j,j,j,j,NA,not detected,Klein Auheim,
973,139,28,19,cl,Großauheim,Offenbach,Hessen,j,j,j,j,NA,not detected,Groß Auheim,
974,139,28,21,bl,Lämmerspiel,Offenbach,Hessen,NA,j,j,j,NA,not detected,Lämmerspiel,Mühlheim am Main
975,139,29,3,bl,Neuenhaßlau ,Gelnhausen,Hessen-Nassau,j,j,j,j,NA,not detected,Neuenhaßlau,Hasselroth
980,139,30,1,bl,Großenhausen ,Gelnhausen,Hessen-Nassau,j,j,NA,NA,NA,not detected,Großenhausen,Linsengericht
991,139,32,1,ab,Frankfurt-Sindlingen,Frankfurt a. M.,Hessen-Nassau,j,j,NA,NA,NA,not detected,Frankfurt a. M. -Sindlingen,
998,139,34,4,bu,Klein-Krotzenburg,Offenbach,Hessen,j,j,j,j,NA,not detected,Klein Krotzenburg,
999,139,34,5,al,Großkrotzenburg,Hanau,Hessen-Nassau,j,j,j,j,NA,not detected,Groß Krotzenburg,
1005,139,35,11,a,Großwelzheim ,BA. Alzenau,RegBez. Unterfranken (Bayern),NA,NA,NA,j,NA,not detected,Großwelzheim,Karlstein am Main
1014,140,1,11,bd,Ober-Moos,Lauterbach,Hessen,j,j,j,j,NA,not detected,Ober Moos,
1016,140,1,13,bl,Reichlos ,Lauterbach,Hessen,j,j,j,NA,NA,not detected,Reichlos,Freiensteinau
1024,140,4,1,dr,Poppenhausen ,Fulda,Hessen-Nassau,j,j,j,NA,NA,not detected,Poppenhausen,Wasserkuppe
1037,140,13,1,bl,Katholisch-Willenroth,Gelnhausen,Hessen-Nassau,j,j,j,j,NA,not detected,Katholisch Willenroth,
1040,140,14,1,al,Niederzell ,Schlüchtern,Hessen-Nassau,j,j,j,NA,NA,not detected,Niederzell,Schlüchtern
1043,140,14,21,ac,Marjoß ,Schlüchtern,Hessen-Nassau,j,j,j,j,NA,not detected,Marjoß,Steinau
1049,140,19,15,c,Burgjoß ,Gelnhausen,Hessen-Nassau,NA,NA,NA,j,NA,not detected,Burgjoß,Jossgrund
1053,151,1,1,do,Bischofsheim,Mainz,Hessen,j,j,j,j,NA,not detected,Mainz-Bischofsheim,
1056,151,1,11,a,Ginsheim-Gustavsburg,Mainz,Hessen,j,j,j,j,NA,not detected,Mainz-Ginsheim,
1061,151,2,21,cu,Klein-Gerau,Groß Gerau,Hessen,j,j,j,j,NA,not detected,Klein Gerau,
1063,151,3,1,co,Langen ,Offenbach,Hessen,j,j,j,j,NA,not detected,Langen,Offenbach
1067,151,3,10,ar,Ober-Roden,Dieburg,Hessen,j,j,j,j,NA,not detected,Ober Roden,
1069,151,4,2,ao,Nieder-Roden,Dieburg,Hessen,j,NA,NA,NA,NA,not detected,Nieder Roden,
1075,151,5,7,b,Stockstadt am Main,BA. Aschaffenburg,RegBez. Unterfranken (Bayern),NA,NA,NA,j,NA,not detected,Stockstadt,
1089,151,8,20,au,Darmstadt-Bessungen ,Darmstadt,Hessen,j,j,j,j,NA,not detected,Darmstadt-Bessungen,
1092,151,9,18,do,Roßdorf ,Darmstadt,Hessen,j,j,j,j,NA,not detected,Roßdorf,Darmstadt-Dieburg
1094,151,9,24,au,Zeilhard ,Dieburg,Hessen,j,j,j,j,NA,not detected,Zeilhard,Reinheim
1099,151,10,9,c,Klein-Umstadt,Dieburg,Hessen,j,j,j,j,NA,not detected,Klein Umstadt,
1100,151,10,11,co,Groß-Zimmern,Dieburg,Hessen,j,j,j,j,NA,not detected,Groß Zimmern,
1102,151,10,13,du,Groß-Umstadt,Dieburg,Hessen,NA,j,j,j,NA,not detected,Groß Umstadt,
1108,151,11,15,ar,Großwallstadt,BA. Obernburg,RegBez. Unterfranken (Bayern),j,j,j,j,NA,not detected,Großwallstadt,Miltenberg
1111,151,11,21,bl,Wald-Amorbach ,Erbach,Hessen,j,j,j,j,NA,not detected,Wald-Amorbach,Breuberg
1114,151,13,9,b,Stockstadt am Rhein,Groß Gerau,Hessen,j,j,j,j,NA,not detected,Stockstadt,
1116,151,13,14,du,Biebesheim am Rhein,Groß Gerau,Hessen,j,j,j,j,NA,not detected,Biebesheim,
1127,151,14,25,ao,Seeheim-Jugenheim,Bensheim,Hessen,j,j,j,NA,NA,not detected,Seeheim,
1128,151,15,2,cl,Nieder-Ramstadt,Darmstadt,Hessen,j,j,NA,NA,NA,not detected,Nieder Ramstadt,
1129,151,15,3,co,Ober-Ramstadt,Darmstadt,Hessen,j,j,j,j,NA,not detected,Ober Ramstadt,
1130,151,15,9,co,Wembach-Hahn ,Dieburg,Hessen,j,j,j,j,NA,not detected,Wembach-Hahn,Ober-Ramstadt
1131,151,15,10,cu,Groß-Bieberau ,Dieburg,Hessen,j,j,j,j,NA,not detected,Groß-Bieberau,Darmstadt-Dieburg
1132,151,15,13,ao,Nieder-Modau,Dieburg,Hessen,j,j,j,j,NA,not detected,Niedermodau,
1134,151,15,13,cl,Ober-Modau,Dieburg,Hessen,j,j,j,j,NA,not detected,Obermodau,
1140,151,16,7,bl,Ober-Klingen,Dieburg,Hessen,j,NA,NA,NA,NA,not detected,Ober Klingen,
1145,151,16,19,cu,Ober-Kinzig,Erbach,Hessen,j,j,j,j,"Eigentlich Ober-Kinzig, auf dem Zettel aber als Oberkinzig vermerkt",not detected,Oberkinzig,
1146,151,16,25,bu,Etzen-Gesäß ,Erbach,Hessen,j,NA,NA,NA,NA,not detected,Etzen-Gesäß,Bad König
1148,151,17,2,cu,Neustadt ,Erbach,Hessen,j,j,j,NA,NA,not detected,Neustadt,Breuberg
1157,151,18,16,ar,Klingenberg am Main,BA. Obernburg,RegBez. Unterfranken (Bayern),j,j,j,j,NA,not detected,Klingenberg,
1158,151,19,5,cu,Klein-Rohrheim,Groß Gerau,Hessen,j,j,j,j,NA,not detected,Klein-Rohrhein,
1163,151,20,7,cu,Langwaden ,Bensheim,Hessen,j,j,j,j,NA,not detected,Langwaden,Bensheim
1175,151,21,17,bl,Knoden ,Bensheim,Hessen,NA,j,j,j,NA,not detected,Knoden,Lautertal
1180,151,22,1,b,Fränkisch-Crumbach,Dieburg,Hessen,j,j,j,NA,NA,not detected,Fränkisch Crumbach,
1181,151,22,2,du,Ober-Kainsbach,Erbach,Hessen,j,NA,NA,NA,NA,not detected,Ober Kainsbach,
1182,151,22,9,c,Langen-Brombach,Erbach,Hessen,j,NA,NA,NA,NA,not detected,Langen Brombach,
1183,151,22,11,a,Reichelsheim ,Friedberg,Hessen,NA,j,NA,NA,NA,not detected,Reichelsheim,Wetterau
1188,151,22,23,bu,Ober-Mossau,Erbach,Hessen,j,NA,NA,NA,NA,not detected,Ober Mossau,
1189,151,23,1,co,Bad König,Erbach,Hessen,j,j,j,j,NA,not detected,König,
1191,151,23,12,c,Weiten-Gesäß ,Erbach,Hessen,j,j,j,j,NA,not detected,Weiten-Gesäß,Michelstadt
1199,151,25,21,d,Bobenheim-Roxheim,BA. Frankenthal,RegBez. Pfalz (Bayern),j,j,j,j,"Eigentlich Bobenheim, ist auf dem Zettel aber als Babenheim vermerkt",not detected,Babenheim,
1209,151,27,12,b,Albersbach ,Heppenheim,Hessen,j,NA,NA,NA,NA,not detected,Albersbach,Rimbach
1210,151,27,16,a,Ober-Laudenbach,Heppenheim,Hessen,j,j,j,j,NA,not detected,Ober Laudenbach,
1211,151,27,18,d,Zotzenbach ,Heppenheim,Hessen,NA,NA,NA,j,NA,not detected,Zotzenbach,Rimbach
1212,151,27,20,a,Ober-Scharbach,Heppenheim,Hessen,j,j,NA,NA,NA,not detected,Ober Scharbach,
1213,151,27,22,cu,Nieder-Liebersbach,Heppenheim,Hessen,j,j,NA,NA,NA,not detected,Nieder Liebersbach,
1214,151,27,23,d,Weiher ,Heppenheim,Hessen,j,j,j,j,NA,not detected,Weiher,Mörlenbach
1216,151,28,8,b,Unter-Mossau,Erbach,Hessen,j,j,j,j,NA,not detected,Unter Mossau,
1217,151,28,11,b,Grasellenbach,Heppenheim,Hessen,j,j,j,j,NA,not detected,Gras-Ellenbach,
1219,151,28,18,ao,Güttersbach,Erbach,Hessen,j,j,j,j,NA,not detected,Hüttersbach,
1232,151,30,15,a,Gerolzahn ,AB. Buchen,Baden,j,NA,NA,NA,NA,not detected,Gerolzahn,Walldürn
1236,151,31,7,c,Mörsch ,BA. Frankenthal,RegBez. Pfalz (Bayern),j,j,NA,NA,NA,not detected,Mörsch,Frankenthal
1237,151,31,11,d,Frankenthal ,NA,RegBez. Pfalz (Bayern),j,NA,j,j,"Kreis nicht angegeben, vermutlich aber Frankenthal",not detected,Frankenthal,Pfalz
1240,151,32,13,cu,Viernheim,Heppenheim,Hessen,j,j,j,j,NA,not detected,Biernheim,
1241,151,32,21,a,Käfertal,AB. Mannheim,Baden,j,j,j,j,NA,not detected,Mannheim-Käfertal,Mannheim
1244,151,33,5,cr,Wald-Michelbach,Heppenheim,Hessen,NA,j,j,j,NA,not detected,Waldmichelbach,
1247,151,33,12,co,Gorxheim,Heppenheim,Hessen,NA,j,NA,NA,NA,not detected,Gorzheim,
1248,151,33,12,du,Unter-Flockenbach,Heppenheim,Hessen,NA,j,j,j,NA,not detected,Unter Flockenbach,
1249,151,33,14,a,Ober-Abtsteinach ,Heppenheim,Hessen,j,j,j,j,NA,not detected,Ober-Abtsteinach,Abtsteinach
1250,151,33,14,bo,Siebelsbrunn ,Heppenheim,Hessen,j,j,j,j,NA,not detected,Siebelsbrunn,Wald-Michelbach
1252,151,33,22,b,Oberflockenbach,AB. Weinheim,Baden,j,NA,j,j,NA,not detected,Ober Flockenbach,
1253,151,33,22,c,Rittenweier,AB. Weinheim,Baden,j,j,j,j,NA,not detected,Rittenweiher,
1255,151,34,16,do,Unter-Schönmattenwag,Heppenheim,Hessen,j,NA,NA,NA,NA,not detected,Unter Schönmattenwag,
1265,151,36,19,a,Unterneudorf ,AB. Buchen,Baden,j,NA,NA,NA,NA,not detected,Unterneudorf,Buchen
1267,151,36,23,d,Oberneudorf ,AB. Buchen,Baden,j,j,j,j,NA,not detected,Oberneudorf,Buchen
1268,151,36,24,a,Hollerbach,AB. Buchen,Baden,j,NA,NA,NA,NA,not detected,Hollerbach,Buchen
1269,Handschriftliche Ergänzungen:,NA,NA,NA,,NA,NA,NA,NA,NA,NA,NA,not detected,NA,
1270,138,33,3,al,Langscheid,NA,Rheinprovinz,NA,NA,NA,NA,NA,not detected,Langscheid,Oberwesel
1271,138,33,8,du,,NA,NA,NA,NA,NA,NA,NA,not detected,unklarer Ort,
12,111,4,14,cl,Neudorf,der Twiste,Hessen-Nassau,j,j,j,j,NA,multiple entires detected,,
56,111,23,1,a,Sachsenhausen,der Eder,Hessen-Nassau,j,j,j,j,NA,multiple entires detected,,
60,111,23,24,du,Bergheim,der Eder,Hessen-Nassau,j,j,j,j,NA,multiple entires detected,,
67,111,27,12,a,Neukirchen,des Eisenbergs,Hessen-Nassau,j,j,NA,NA,NA,multiple entires detected,,
78,111,29,14,c,Bad Wildungen,der Eder,Hessen-Nassau,j,j,j,j,NA,multiple entires detected,,
90,111,34,1,do,Geismar,Frankenberg,Hessen-Nassau,j,j,j,j,NA,multiple entires detected,,
102,112,1,14,bl,Udenhausen,Hofgeismar,Hessen-Nassau,j,j,j,j,NA,multiple entires detected,,
104,112,2,22,cl,Holzhausen,Hofgeismar,Hessen-Nassau,j,j,NA,NA,NA,multiple entires detected,,
140,112,6,22,cr,Steinbach,Worbis,Pr. Sachsen,j,j,j,j,NA,multiple entires detected,,
154,112,10,7,du,Berge,Witzenhausen,Hessen-Nassau,j,j,j,j,NA,multiple entires detected,,
174,112,14,17,cl,Krumbach,Kassel,Hessen-Nassau,j,j,j,j,NA,multiple entires detected,,
189,112,17,16,bo,Asbach,Witzenhausen,Hessen-Nassau,j,j,j,j,NA,multiple entires detected,,
226,112,27,8,cr,Weidelbach,Melsungen,Hessen-Nassau,j,NA,NA,NA,NA,multiple entires detected,,
257,112,35,13,ar,Holzhausen,Eschwege,Hessen-Nassau,NA,j,j,NA,NA,multiple entires detected,,
262,112,36,11,cr,Willershausen,Eschwege,Hessen-Nassau,NA,j,j,NA,NA,multiple entires detected,,
281,124,28,14,d,Schönberg,Oberwesterwaldkreis,Hessen-Nassau,j,j,j,j,NA,multiple entires detected,,
296,124,30,24,a,Holzhausen,Wetzlar,Hessen-Nassau,NA,NA,j,NA,NA,multiple entires detected,,
315,124,36,15,c,Stockhausen,Wetzlar,Hessen-Nassau,j,j,j,NA,NA,multiple entires detected,,
317,124,36,24,ao,Selters,Oberlahnkreis,Hessen-Nassau,j,j,j,j,NA,multiple entires detected,,
318,125,1,11,a,Holzhausen,Wittgenstein,Westfalen,j,j,j,j,NA,multiple entires detected,,
323,125,2,13,ao,Eifa,Biedenkopf,Hessen-Nassau,NA,j,NA,NA,NA,multiple entires detected,,
326,125,3,22,ac,Todenhausen,Marburg,Hessen-Nassau,j,j,j,j,NA,multiple entires detected,,
335,125,5,18,du,Sachsenhausen,Ziegenhain,Hessen-Nassau,j,j,j,j,NA,multiple entires detected,,
351,125,10,6,b,Schwarzenborn,Marburg,Hessen-Nassau,j,j,j,j,NA,multiple entires detected,,
358,125,11,21,cr,Allendorf,Marburg,Hessen-Nassau,NA,NA,j,j,NA,multiple entires detected,,
360,125,12,17,cr,Merzhausen,Ziegenhain,Hessen-Nassau,j,j,j,j,NA,multiple entires detected,,
361,125,13,7,cd,Hirzenhain,Dillkreis,Hessen-Nassau,NA,NA,j,j,NA,multiple entires detected,,
365,125,13,23,c,Oberndorf,Dillkreis,Hessen-Nassau,j,j,j,j,NA,multiple entires detected,,
368,125,14,22,au,Weidenhausen,Biedenkopf,Hessen-Nassau,j,j,j,j,NA,multiple entires detected,,
370,125,14,25,co,Willershausen,Marburg,Hessen-Nassau,NA,j,NA,NA,NA,multiple entires detected,,
380,125,16,23,ao,Mardorf,Marburg,Hessen-Nassau,j,j,j,j,NA,multiple entires detected,,
383,125,17,9,bu,Wahlen,Alsfeld,Hessen,j,j,j,j,NA,multiple entires detected,,
401,125,21,7,b,Roth,Marburg,Hessen-Nassau,j,j,j,j,NA,multiple entires detected,,
406,125,21,22,ab,Odenhausen,Wetzlar,Hessen-Nassau,j,j,j,j,NA,multiple entires detected,,
408,125,22,4,c,Haarhausen,Alsfeld,Hessen,j,NA,NA,NA,NA,multiple entires detected,,
420,125,24,6,b,Zell,Alsfeld,Hessen,j,j,j,j,NA,multiple entires detected,,
430,125,26,13,ac,Bieber,Wetzlar,Hessen-Nassau,j,j,j,j,NA,multiple entires detected,,
441,125,27,15,ar,Beuern,Gießen,Hessen,j,j,j,j,NA,multiple entires detected,,
444,125,27,18,cu,Rödgen,Gießen,Hessen,j,j,j,j,NA,multiple entires detected,,
448,125,28,2,bl,Odenhausen,Gießen,Hessen,j,j,NA,NA,NA,multiple entires detected,,
481,125,32,9,cu,Allendorf,Gießen,Hessen,j,NA,NA,NA,NA,multiple entires detected,,
488,125,33,9,cu,Steinbach,Gießen,Hessen,j,NA,NA,NA,NA,multiple entires detected,,
498,125,34,8,c,Münster,Gießen,Hessen,j,j,j,j,NA,multiple entires detected,,
502,125,34,15,ac,Laubach,Schotten,Hessen,NA,j,j,j,NA,multiple entires detected,,
506,125,35,8,b,Altenhain,Schotten,Hessen,j,j,j,NA,NA,multiple entires detected,,
521,126,2,22,bo,Mühlbach,Fritzlar-Homberg,Hessen-Nassau,j,j,j,j,NA,multiple entires detected,,
526,126,4,8,c,Machtlos,Rotenburg,Hessen-Nassau,NA,NA,j,j,NA,multiple entires detected,,
542,126,7,21,do,Nausis,Ziegenhain,Hessen-Nassau,j,j,j,NA,NA,multiple entires detected,,
562,126,13,10,c,Machtlos,Ziegenhain,Hessen-Nassau,j,j,j,NA,NA,multiple entires detected,,
570,126,15,16,d,Neukirchen,Hünfeld,Hessen-Nassau,j,j,j,j,NA,multiple entires detected,,
585,126,19,1,ao,Eifa,Alsfeld,Hessen,j,NA,NA,NA,NA,multiple entires detected,,
588,126,20,8,a,Rimbach,Lauterbach,Hessen,j,j,j,j,NA,multiple entires detected,,
621,126,27,12,cd,Marbach,Fulda,Hessen-Nassau,NA,j,j,j,NA,multiple entires detected,,
627,126,29,5,cl,Fischbach,Eisenach,Thüringen,j,j,j,j,NA,multiple entires detected,,
630,126,29,11,ab,Wendershausen,Fulda,Hessen-Nassau,NA,j,j,j,NA,multiple entires detected,,
635,126,29,21,bu,Simmershausen,Fulda,Hessen-Nassau,NA,j,NA,NA,NA,multiple entires detected,,
644,126,31,9,ao,Stockhausen,Lauterbach,Hessen,j,j,j,j,NA,multiple entires detected,,
664,126,35,24,dl,Hausen,BA. Mellrichststadt,RegBez. Unterfranken (Bayern),NA,j,j,j,NA,multiple entires detected,,
683,138,5,8,bd,Steinbach,Limburg,Hessen-Nassau,j,j,NA,NA,NA,multiple entires detected,,
749,138,24,22,co,Neuhof,Untertaunuskreis,Hessen-Nassau,j,j,j,j,NA,multiple entires detected,,
767,138,29,16,do,Fischbach,Untertaunuskreis,Hessen-Nassau,j,NA,NA,NA,NA,multiple entires detected,,
803,139,2,24,cr,Hausen,Friedberg,Hessen,NA,j,NA,NA,NA,multiple entires detected,,
806,139,3,8,bl,Eberstadt,Gießen,Hessen,j,j,j,j,NA,multiple entires detected,,
821,139,4,18,ad,Steinheim,Gießen,Hessen,j,j,j,j,NA,multiple entires detected,,
825,139,5,8,c,Rainrod,Schotten,Hessen,NA,j,j,j,NA,multiple entires detected,,
830,139,5,24,d,Glashütten,Schotten,Hessen,j,j,j,j,NA,multiple entires detected,,
839,139,7,21,ac,Hasselbach,Limburg,Hessen-Nassau,j,j,j,j,NA,multiple entires detected,,
846,139,9,1,cl,Ostheim,Friedberg,Hessen,j,j,j,j,NA,multiple entires detected,,
850,139,9,18,bo,Rödgen,Friedberg,Hessen,j,j,j,j,NA,multiple entires detected,,
853,139,9,24,ar,Dorheim,Friedberg,Hessen,j,j,j,NA,NA,multiple entires detected,,
858,139,10,12,cu,Heuchelheim,Büdingen,Hessen,j,j,j,j,NA,multiple entires detected,,
866,139,11,2,d,Fauerbach,Büdingen,Hessen,j,j,j,NA,NA,multiple entires detected,,
867,139,11,5,a,Steinberg,Schotten,Hessen,j,j,j,j,NA,multiple entires detected,,
872,139,11,22,cl,Selters,Büdingen,Hessen,j,NA,NA,NA,NA,multiple entires detected,,
873,139,11,23,ab,Bergheim,Büdingen,Hessen,j,NA,NA,NA,NA,multiple entires detected,,
886,139,13,17,co,Reichenbach,Usingen,Hessen-Nassau,j,j,j,NA,NA,multiple entires detected,,
896,139,15,21,c,Holzhausen,Friedberg,Hessen,j,j,j,j,NA,multiple entires detected,,
900,139,16,9,cr,Rodenbach,Büdingen,Hessen,j,j,j,j,NA,multiple entires detected,,
908,139,17,1,ad,Stockheim,Büdingen,Hessen,NA,j,j,j,NA,multiple entires detected,,
937,139,21,8,a,Kloppenheim,Friedberg,Hessen,j,j,j,NA,NA,multiple entires detected,,
941,139,21,17,dl,Massenheim,Friedberg,Hessen,j,NA,NA,NA,NA,multiple entires detected,,
943,139,21,19,ac,Gronau,Hanau,Hessen-Nassau,j,NA,NA,NA,NA,multiple entires detected,,
959,139,25,3,cd,Fischbach,Main-Taunuskreis,Hessen-Nassau,j,j,j,j,NA,multiple entires detected,,
964,139,25,16,c,Medenbach,Main-Taunuskreis,Hessen-Nassau,j,j,j,NA,NA,multiple entires detected,,
969,139,27,4,dr,Bischofsheim,Hanau,Hessen-Nassau,j,j,j,j,NA,multiple entires detected,,
981,139,30,5,ad,Bieber,Gelnhausen,Hessen-Nassau,j,NA,NA,j,NA,multiple entires detected,,
988,139,31,12,dl,Massenheim,Main-Taunuskreis,Hessen-Nassau,NA,j,j,j,NA,multiple entires detected,,
997,139,34,4,al,Hainstadt,Offenbach,Hessen,j,j,j,j,NA,multiple entires detected,,
1013,140,1,4,co,Jossa,Fulda,Hessen-Nassau,j,j,j,j,NA,multiple entires detected,,
1027,140,7,1,d,Radmühl,Lauterbach,Hessen,j,j,j,j,NA,multiple entires detected,,
1050,140,20,3,dl,Jossa,Schlüchtern,Hessen-Nassau,j,j,j,j,NA,multiple entires detected,,
1072,151,4,18,co,Hergershausen,Dieburg,Hessen,j,j,j,j,NA,multiple entires detected,,
1073,151,4,21,b,Münster,Dieburg,Hessen,j,j,j,j,NA,multiple entires detected,,
1083,151,7,15,a,Dornheim,Groß Gerau,Hessen,j,j,j,j,NA,multiple entires detected,,
1096,151,10,4,br,Schlierbach,Dieburg,Hessen,j,j,j,j,NA,multiple entires detected,,
1105,151,10,24,bu,Heubach,Dieburg,Hessen,j,j,j,NA,NA,multiple entires detected,,
1112,151,11,22,cu,Hainstadt,Erbach,Hessen,j,j,j,j,NA,multiple entires detected,,
1121,151,14,5,c,Eberstadt,Darmstadt,Hessen,NA,j,j,NA,NA,multiple entires detected,,
1133,151,15,13,bo,Rohrbach,Dieburg,Hessen,j,j,j,j,NA,multiple entires detected,,
1141,151,16,10,cu,Höchst,Erbach,Hessen,j,j,j,j,NA,multiple entires detected,,
1172,151,21,11,b,Reichenbach,Bensheim,Hessen,j,j,j,j,NA,multiple entires detected,,
1177,151,21,18,du,Schlierbach,Bensheim,Hessen,j,j,j,j,NA,multiple entires detected,,
1204,151,27,6,c,Erbach,Heppenheim,Hessen,j,j,j,j,NA,multiple entires detected,,
1226,151,29,14,cl,Breitenbach,BA. Miltenberg,RegBez. Unterfranken (Bayern),NA,NA,j,j,NA,multiple entires detected,,
1227,151,29,17,au,Bullau,Erbach,Hessen,j,j,j,NA,NA,multiple entires detected,,
1263,151,36,13,al,Steinbach,AB. Buchen,Baden,j,NA,NA,NA,NA,multiple entires detected,,
1264,151,36,15,ad,Hainstadt,AB. Buchen,Baden,j,NA,NA,j,NA,multiple entires detected,,
6,98,36,20,a,Lamerden,Hofgeismar,Hessen-Nassau,NA,j,NA,NA,NA,detected,,
7,99,31,8,ao,Stammen,Hofgeismar,Hessen-Nassau,j,j,j,NA,NA,detected,,
8,99,31,11,d,Eberschütz,Hofgeismar,Hessen-Nassau,NA,NA,NA,j,NA,detected,,
9,99,31,18,c,Schöneberg,Hofgeismar,Hessen-Nassau,NA,j,j,j,NA,detected,,
13,111,4,18,dr,Kohlgrund,der Twiste,Hessen-Nassau,j,j,j,j,NA,detected,,
20,111,5,17,a,Ammenhausen,der Twiste,Hessen-Nassau,j,j,j,j,NA,detected,,
21,111,5,22,ab,Herbsen,der Twiste,Hessen-Nassau,j,j,j,j,NA,detected,,
22,111,6,3,cu,Haueda,Hofgeismar,Hessen-Nassau,j,j,j,j,NA,detected,,
24,111,6,14,bu,Niedermeiser,Hofgeismar,Hessen-Nassau,NA,j,j,j,NA,detected,,
25,111,6,17,b,Oberlistingen,Wolfhagen,Hessen-Nassau,j,j,j,NA,NA,detected,,
26,111,6,20,cu,Westuffeln,Hofgeismar,Hessen-Nassau,NA,j,NA,NA,NA,detected,,
28,111,9,18,bu,Rhenegge,des Eisenbergs,Hessen-Nassau,j,j,j,j,NA,detected,,
29,111,9,19,b,Adorf,des Eisenbergs,Hessen-Nassau,j,j,j,j,NA,detected,,
30,111,10,7,du,Vasbeck,der Twiste,Hessen-Nassau,j,j,j,j,NA,detected,,
32,111,10,9,c,Massenhausen,der Twiste,Hessen-Nassau,j,NA,NA,NA,NA,detected,,
33,111,10,17,d,Gembeck,der Twiste,Hessen-Nassau,j,j,j,j,NA,detected,,
35,111,10,24,d,Twiste,der Twiste,Hessen-Nassau,j,NA,NA,NA,NA,detected,,
36,111,11,3,cl,Külte,der Twiste,Hessen-Nassau,j,j,NA,NA,NA,detected,,
37,111,11,14,cl,Lütersheim,der Twiste,Hessen-Nassau,NA,j,j,j,NA,detected,,
38,111,11,15,al,Ehringen,Wolfhagen,Hessen-Nassau,j,j,j,j,NA,detected,,
39,111,11,17,cu,Braunsen,der Twiste,Hessen-Nassau,j,j,j,j,NA,detected,,
40,111,11,19,do,Viesebeck,Wolfhagen,Hessen-Nassau,NA,j,j,j,NA,detected,,
41,111,11,23,a,Landau,der Twiste,Hessen-Nassau,j,j,j,j,NA,detected,,
42,111,12,6,d,Niederelsungen,Wolfhagen,Hessen-Nassau,NA,NA,j,j,NA,detected,,
43,111,12,14,d,Zierenberg,Wolfhagen,Hessen-Nassau,j,j,j,j,NA,detected,,
44,111,12,22,do,Altenhasungen,Wolfhagen,Hessen-Nassau,j,j,j,NA,NA,detected,,
46,111,21,3,dr,Eppe,des Eisenbergs,Hessen-Nassau,j,j,j,j,NA,detected,,
47,111,21,14,d,Goddelsheim,des Eisenbergs,Hessen-Nassau,j,j,j,NA,NA,detected,,
50,111,21,24,dl,Rhadern,des Eisenbergs,Hessen-Nassau,j,j,j,j,NA,detected,,
51,111,21,25,cr,Fürstenberg,des Eisenbergs,Hessen-Nassau,j,j,j,j,NA,detected,,
53,111,22,13,al,Marienhagen,Frankenberg,Hessen-Nassau,j,j,j,j,NA,detected,,
54,111,22,14,al,Vöhl,Frankenberg,Hessen-Nassau,j,j,NA,NA,NA,detected,,
55,111,22,25,cr,Bringhausen,der Eder,Hessen-Nassau,j,j,j,j,NA,detected,,
57,111,23,8,ad,Netze,der Eder,Hessen-Nassau,j,j,j,j,NA,detected,,
58,111,23,12,bu,Waldeck,der Eder,Hessen-Nassau,j,j,j,j,NA,detected,,
59,111,23,23,cu,Affoldern,der Eder,Hessen-Nassau,j,j,j,NA,NA,detected,,
61,111,24,1,al,Naumburg,Wolfhagen,Hessen-Nassau,j,j,j,j,NA,detected,,
62,111,24,7,cl,Altendorf,Wolfhagen,Hessen-Nassau,j,j,j,j,NA,detected,,
63,111,24,15,cr,Metze,Fritzlar-Homberg,Hessen-Nassau,j,j,NA,NA,NA,detected,,
64,111,24,23,bo,Lohne,Fritzlar-Homberg,Hessen-Nassau,j,NA,NA,NA,NA,detected,,
65,111,24,24,dl,Wehren,Fritzlar-Homberg,Hessen-Nassau,j,j,j,NA,NA,detected,,
68,111,27,14,a,Sachsenberg,des Eisenbergs,Hessen-Nassau,j,j,j,j,NA,detected,,
69,111,27,21,al,Somplar,Frankenberg,Hessen-Nassau,j,j,j,j,NA,detected,,
70,111,27,23,ab,Hommershausen,Frankenberg,Hessen-Nassau,j,j,j,j,NA,detected,,
71,111,28,2,co,Buchenberg,Frankenberg,Hessen-Nassau,j,NA,NA,NA,NA,detected,,
72,111,28,11,bo,Ederbringhausen,Frankenberg,Hessen-Nassau,j,j,j,j,NA,detected,,
73,111,28,20,au,Frebershausen,der Eder,Hessen-Nassau,j,j,NA,j,NA,detected,,
74,111,29,3,bo,Mehlen,der Eder,Hessen-Nassau,j,j,j,j,NA,detected,,
75,111,29,9,br,Anraff,der Eder,Hessen-Nassau,j,j,j,j,NA,detected,,
76,111,29,11,ar,Gellershausen,der Eder,Hessen-Nassau,j,j,NA,NA,NA,detected,,
77,111,29,12,cd,Albertshausen,der Eder,Hessen-Nassau,j,j,j,j,NA,detected,,
79,111,29,21,ab,Hüddingen,der Eder,Hessen-Nassau,j,j,j,NA,NA,detected,,
80,111,29,23,dr,Odershausen,der Eder,Hessen-Nassau,j,j,j,j,NA,detected,,
81,111,30,3,b,Haddamar,Fritzlar-Homberg,Hessen-Nassau,j,j,j,j,NA,detected,,
82,111,30,6,a,Wellen,der Eder,Hessen-Nassau,j,j,j,j,NA,detected,,
83,111,30,11,br,Mandern,der Eder,Hessen-Nassau,j,j,j,NA,NA,detected,,
84,111,30,15,a,Obermöllrich,Fritzlar-Homberg,Hessen-Nassau,NA,j,NA,NA,NA,detected,,
86,111,32,18,ad,Dodenau,Frankenberg,Hessen-Nassau,j,j,j,j,NA,detected,,
87,111,32,20,c,Battenfeld,Frankenberg,Hessen-Nassau,j,j,j,j,NA,detected,,
89,111,33,13,a,Röddenau,Frankenberg,Hessen-Nassau,j,j,j,j,NA,detected,,
91,111,34,16,ar,Willersdorf,Frankenberg,Hessen-Nassau,NA,j,j,j,NA,detected,,
93,111,34,24,c,Grüsen,Frankenberg,Hessen-Nassau,j,j,j,j,NA,detected,,
94,111,35,7,dl,Armsfeld,der Eder,Hessen-Nassau,j,j,j,NA,NA,detected,,
95,111,35,8,cr,Bergfreiheit,der Eder,Hessen-Nassau,j,j,NA,NA,NA,detected,,
97,111,35,16,bo,Battenhausen,Frankenberg,Hessen-Nassau,j,j,j,j,NA,detected,,
98,111,36,2,c,Kerstenhausen,Fritzlar-Homberg,Hessen-Nassau,NA,NA,j,j,NA,detected,,
100,111,36,18,ar,Nassenerfurth,Fritzlar-Homberg,Hessen-Nassau,j,j,j,NA,NA,detected,,
101,112,1,4,a,Hombressen,Hofgeismar,Hessen-Nassau,j,NA,NA,NA,NA,detected,,
103,112,2,3,b,Veckerhagen,Hofgeismar,Hessen-Nassau,j,j,j,NA,NA,detected,,
131,112,6,1,a,Nesselröden,Duderstadt,Hannover,j,j,j,j,NA,detected,,
142,112,7,6,ar,Ehrsten,Hofgeismar,Hessen-Nassau,j,j,j,j,NA,detected,,
143,112,7,9,bo,Hohenkirchen,Hofgeismar,Hessen-Nassau,j,j,j,NA,NA,detected,,
144,112,7,12,d,Weimar,Kassel,Hessen-Nassau,j,j,j,j,NA,detected,,
147,112,8,16,d,Ihringshausen,Kassel,Hessen-Nassau,j,j,j,j,NA,detected,,
150,112,9,9,dl,Blickershausen,Witzenhausen,Hessen-Nassau,j,j,j,j,NA,detected,,
152,112,10,1,d,Hermannrode,Witzenhausen,Hessen-Nassau,j,j,NA,NA,NA,detected,,
172,112,13,22,b,Altenritte,Kassel,Hessen-Nassau,j,j,j,j,NA,detected,,
173,112,14,8,co,Heiligenrode,Kassel,Hessen-Nassau,j,j,NA,NA,NA,detected,,
175,112,14,19,b,Oberkaufungen,Kassel,Hessen-Nassau,j,j,j,j,NA,detected,,
177,112,15,5,ao,Ellingerode,Witzenhausen,Hessen-Nassau,j,NA,NA,NA,NA,detected,,
179,112,15,6,ao,Nieste,Kassel,Hessen-Nassau,j,j,j,j,NA,detected,,
180,112,15,22,bu,Wickenrode,Witzenhausen,Hessen-Nassau,NA,j,NA,j,NA,detected,,
183,112,16,8,bl,Oberrieden,Witzenhausen,Hessen-Nassau,j,j,j,j,NA,detected,,
184,112,16,11,ab,Hundelshausen,Witzenhausen,Hessen-Nassau,NA,j,j,j,NA,detected,,
186,112,16,22,cl,Dudenrode,Witzenhausen,Hessen-Nassau,j,j,j,j,NA,detected,,
196,112,19,7,dl,Besse,Fritzlar-Homberg,Hessen-Nassau,j,j,j,j,NA,detected,,
197,112,19,10,a,Dörnhagen,Kassel,Hessen-Nassau,NA,NA,j,j,NA,detected,,
198,112,19,19,cu,Wolfershausen,Melsungen,Hessen-Nassau,NA,j,j,NA,NA,detected,,
199,112,19,19,d,Ellenberg,Melsungen,Hessen-Nassau,NA,j,j,j,NA,detected,,
200,112,20,3,cl,Wellerode,Kassel,Hessen-Nassau,j,j,j,j,NA,detected,,
201,112,20,10,ab,Eschenstruth,Kassel,Hessen-Nassau,NA,NA,j,NA,NA,detected,,
203,112,21,8,bo,Rommerode,Witzenhausen,Hessen-Nassau,j,NA,NA,NA,NA,detected,,
204,112,21,17,bl,Hessisch Lichtenau,Witzenhausen,Hessen-Nassau,j,j,j,j,NA,detected,,
205,112,21,25,a,Küchen,Witzenhausen,Hessen-Nassau,j,j,j,j,NA,detected,,
206,112,22,9,d,Wellingerode,Eschwege,Hessen-Nassau,j,j,j,NA,NA,detected,,
207,112,22,17,br,Germerode,Eschwege,Hessen-Nassau,j,j,NA,NA,NA,detected,,
208,112,22,20,c,Eltmannshausen,Eschwege,Hessen-Nassau,NA,j,j,j,NA,detected,,
209,112,23,2,bu,Hitzelrode,Eschwege,Hessen-Nassau,j,j,j,NA,NA,detected,,
213,112,23,24,ar,Aue,Eschwege,Hessen-Nassau,j,j,j,j,NA,detected,,
219,112,25,2,ao,Maden,Fritzlar-Homberg,Hessen-Nassau,j,j,j,NA,NA,detected,,
220,112,25,12,ad,Lohre,Melsungen,Hessen-Nassau,NA,j,j,NA,NA,detected,,
221,112,25,13,br,Gensungen,Melsungen,Hessen-Nassau,NA,j,j,j,NA,detected,,
222,112,26,2,ac,Röhrenfurth,Melsungen,Hessen-Nassau,j,j,j,j,NA,detected,,
223,112,26,15,c,Elbersdorf,Melsungen,Hessen-Nassau,j,j,NA,NA,NA,detected,,
225,112,27,7,do,Vockerode-Dinkelberg,Melsungen,Hessen-Nassau,NA,j,NA,NA,NA,detected,,
227,112,27,20,a,Schemmern,Eschwege,Hessen-Nassau,j,j,j,j,NA,detected,,
228,112,27,21,dr,Metzebach,Melsungen,Hessen-Nassau,j,j,j,j,NA,detected,,
229,112,28,14,br,Hoheneiche,Eschwege,Hessen-Nassau,j,j,j,j,NA,detected,,
230,112,29,11,d,Datterode,Eschwege,Hessen-Nassau,NA,NA,j,j,NA,detected,,
232,112,29,22,cu,Grandenborn,Eschwege,Hessen-Nassau,NA,j,NA,NA,NA,detected,,
241,112,31,2,c,Hebel,Fritzlar-Homberg,Hessen-Nassau,j,j,j,j,NA,detected,,
243,112,31,19,bo,Welferode,Fritzlar-Homberg,Hessen-Nassau,j,j,j,NA,NA,detected,,
244,112,32,8,br,Neumorschen,Melsungen,Hessen-Nassau,j,j,j,j,NA,detected,,
245,112,32,15,au,Niederellenbach,Rotenburg,Hessen-Nassau,j,j,j,j,NA,detected,,
246,112,32,19,b,Oberellenbach,Rotenburg,Hessen-Nassau,j,j,j,j,NA,detected,,
247,112,32,22,al,Rengshausen,Rotenburg,Hessen-Nassau,j,j,j,j,NA,detected,,
248,112,33,4,cl,Dankerode,Rotenburg,Hessen-Nassau,j,j,j,j,NA,detected,,
249,112,33,6,cl,Heinebach,Melsungen,Hessen-Nassau,j,j,j,j,NA,detected,,
250,112,33,18,dr,Schwarzenhasel,Rotenburg,Hessen-Nassau,j,NA,NA,NA,NA,detected,,
251,112,34,1,bo,Diemerode,Rotenburg,Hessen-Nassau,j,j,j,j,NA,detected,,
252,112,34,12,dl,Mönchhosbach,Rotenburg,Hessen-Nassau,NA,NA,j,j,NA,detected,,
253,112,34,21,cl,Braunhausen,Rotenburg,Hessen-Nassau,j,j,j,j,NA,detected,,
254,112,35,1,cl,Breitau,Rotenburg,Hessen-Nassau,NA,NA,NA,j,NA,detected,,
255,112,35,4,bu,Lüderbach,Eschwege,Hessen-Nassau,j,j,j,j,NA,detected,,
256,112,35,11,ab,Ulfen,Rotenburg,Hessen-Nassau,j,NA,NA,NA,NA,detected,,
258,112,35,19,al,Nesselröden,Eschwege,Hessen-Nassau,NA,NA,NA,j,NA,detected,,
266,124,23,24,br,Rabenscheid,Dillkreis,Hessen-Nassau,NA,j,j,j,NA,detected,,
267,124,24,2,a,Haiger,Dillkreis,Hessen-Nassau,j,NA,NA,NA,NA,detected,,
268,124,24,7,d,Donsbach,Dillkreis,Hessen-Nassau,j,j,j,j,NA,detected,,
269,124,24,17,co,Erdbach,Dillkreis,Hessen-Nassau,j,j,j,j,NA,detected,,
270,124,24,18,b,Uckersdorf,Dillkreis,Hessen-Nassau,NA,NA,NA,j,NA,detected,,
271,124,24,18,c,Amdorf,Dillkreis,Hessen-Nassau,j,j,j,j,NA,detected,,
272,124,24,19,bo,Burg,Dillkreis,Hessen-Nassau,j,j,j,j,NA,detected,,
280,124,28,12,b,Büdingen,Oberwesterwaldkreis,Hessen-Nassau,j,j,j,j,NA,detected,,
286,124,29,5,au,Heisterberg,Dillkreis,Hessen-Nassau,j,j,NA,NA,NA,detected,,
289,124,29,15,ad,Mademühlen,Dillkreis,Hessen-Nassau,j,j,j,j,NA,detected,,
291,124,30,3,d,Hirschberg,Dillkreis,Hessen-Nassau,j,j,j,NA,NA,detected,,
292,124,30,4,ad,Merkenbach,Dillkreis,Hessen-Nassau,j,j,j,j,NA,detected,,
293,124,30,7,ac,Heiligenborn,Dillkreis,Hessen-Nassau,j,j,j,NA,NA,detected,,
294,124,30,12,ac,Seilhofen,Dillkreis,Hessen-Nassau,j,j,j,NA,NA,detected,,
295,124,30,15,a,Edingen,Wetzlar,Hessen-Nassau,j,NA,j,j,NA,detected,,
308,124,35,10,ao,Mengerskirchen,Oberlahnkreis,Hessen-Nassau,j,NA,NA,NA,NA,detected,,
310,124,35,12,c,Langendernbach,Limburg,Hessen-Nassau,j,j,j,j,NA,detected,,
311,124,35,15,cl,Waldernbach,Oberlahnkreis,Hessen-Nassau,NA,j,j,j,NA,detected,,
312,124,35,24,ad,Lahr,Limburg,Hessen-Nassau,j,j,j,j,NA,detected,,
313,124,36,9,d,Bissenberg,Wetzlar,Hessen-Nassau,j,j,j,j,NA,detected,,
314,124,36,12,ao,Dillhausen,Oberlahnkreis,Hessen-Nassau,NA,NA,NA,j,NA,detected,,
316,124,36,16,d,Barig-Selbenhausen,Oberlahnkreis,Hessen-Nassau,NA,NA,j,j,NA,detected,,
321,125,1,24,br,Wallau,Biedenkopf,Hessen-Nassau,j,j,j,j,NA,detected,,
324,125,2,20,ar,Niederasphe,Marburg,Hessen-Nassau,j,j,j,j,NA,detected,,
325,125,3,6,c,Wollmar,Marburg,Hessen-Nassau,j,j,j,j,NA,detected,,
327,125,4,3,c,Lehnhausen,Frankenberg,Hessen-Nassau,j,j,j,j,NA,detected,,
328,125,4,9,d,Gemünden,Frankenberg,Hessen-Nassau,j,NA,NA,NA,NA,detected,,
329,125,4,15,c,Schiffelbach,Marburg,Hessen-Nassau,j,j,NA,NA,NA,detected,,
330,125,4,19,cl,Wohra,Marburg,Hessen-Nassau,j,j,j,j,NA,detected,,
331,125,5,3,ad,Densberg,Fritzlar-Homberg,Hessen-Nassau,j,j,j,NA,NA,detected,,
332,125,5,7,cu,Moischeid,Ziegenhain,Hessen-Nassau,j,j,j,j,NA,detected,,
333,125,5,9,b,Hundshausen,Fritzlar-Homberg,Hessen-Nassau,j,j,NA,NA,NA,detected,,
334,125,5,13,b,Sebbeterode,Ziegenhain,Hessen-Nassau,j,j,j,j,NA,detected,,
336,125,6,3,d,Neuenhain,Fritzlar-Homberg,Hessen-Nassau,j,j,j,j,NA,detected,,
337,125,6,15,ao,Spieskappel,Ziegenhain,Hessen-Nassau,NA,NA,j,j,NA,detected,,
338,125,6,16,d,Dittershausen,Ziegenhain,Hessen-Nassau,NA,NA,j,NA,NA,detected,,
339,125,6,19,c,Leimsfeld,Ziegenhain,Hessen-Nassau,j,j,NA,j,NA,detected,,
341,125,7,13,d,Niederdieten,Biedenkopf,Hessen-Nassau,j,j,j,j,NA,detected,,
342,125,7,16,c,Mandeln,Dillkreis,Hessen-Nassau,j,j,j,j,NA,detected,,
343,125,7,23,c,Oberhörlen,Biedenkopf,Hessen-Nassau,j,j,j,j,NA,detected,,
344,125,8,1,b,Biedenkopf,Biedenkopf,Hessen-Nassau,j,j,j,j,NA,detected,,
345,125,8,13,co,Buchenau,Biedenkopf,Hessen-Nassau,j,j,j,j,NA,detected,,
346,125,8,21,a,Hommertshausen,Biedenkopf,Hessen-Nassau,j,j,j,j,NA,detected,,
348,125,9,4,al,Oberrosphe,Marburg,Hessen-Nassau,j,j,j,j,NA,detected,,
349,125,9,13,bd,Göttingen,Marburg,Hessen-Nassau,j,j,j,j,NA,detected,,
350,125,9,25,bo,Ginseldorf,Marburg,Hessen-Nassau,j,j,j,j,NA,detected,,
352,125,10,10,ac,Wolferode,Marburg,Hessen-Nassau,j,j,j,j,NA,detected,,
353,125,10,13,ao,Rauschenberg,Marburg,Hessen-Nassau,j,NA,NA,NA,NA,detected,,
354,125,10,14,c,Burgholz,Marburg,Hessen-Nassau,j,NA,NA,NA,NA,detected,,
355,125,10,22,bd,Stausebach,Marburg,Hessen-Nassau,j,j,j,j,NA,detected,,
356,125,11,8,bo,Mengsberg,Ziegenhain,Hessen-Nassau,j,j,j,j,NA,detected,,
357,125,11,12,cd,Speckswinkel,Marburg,Hessen-Nassau,j,j,NA,NA,NA,detected,,
359,125,12,8,b,Steina,Ziegenhain,Hessen-Nassau,j,j,j,j,NA,detected,,
362,125,13,8,b,Frechenhausen,Biedenkopf,Hessen-Nassau,NA,NA,NA,j,NA,detected,,
363,125,13,15,a,Bottenhorn,Biedenkopf,Hessen-Nassau,NA,j,NA,NA,NA,detected,,
364,125,13,19,a,Wallenfels,Dillkreis,Hessen-Nassau,j,NA,NA,NA,NA,detected,,
366,125,14,12,b,Runzhausen,Biedenkopf,Hessen-Nassau,j,j,j,NA,NA,detected,,
367,125,14,19,cd,Rüchenbach,Biedenkopf,Hessen-Nassau,j,j,j,j,NA,detected,,
371,125,15,6,b,Elnhausen,Marburg,Hessen-Nassau,j,j,NA,NA,NA,detected,,
372,125,15,12,c,Cyriaxweimar,Marburg,Hessen-Nassau,j,j,j,j,NA,detected,,
374,125,15,24,bd,Beltershausen,Marburg,Hessen-Nassau,j,j,j,j,NA,detected,,
375,125,16,2,a,Niederwald,Marburg,Hessen-Nassau,j,j,j,j,NA,detected,,
376,125,16,3,c,Kirchhain,Marburg,Hessen-Nassau,j,j,j,j,NA,detected,,
377,125,16,4,ao,Langenstein,Marburg,Hessen-Nassau,j,j,NA,NA,NA,detected,,
378,125,16,15,a,Niederklein,Marburg,Hessen-Nassau,j,j,j,j,NA,detected,,
379,125,16,21,b,Wittelsberg,Marburg,Hessen-Nassau,j,j,j,j,NA,detected,,
382,125,17,4,au,Gleimenhain,Alsfeld,Hessen,j,j,j,j,NA,detected,,
384,125,17,17,bu,Lehrbach,Alsfeld,Hessen,j,j,j,j,NA,detected,,
385,125,17,18,du,Kirtorf,Alsfeld,Hessen,j,j,j,j,NA,detected,,
386,125,17,21,b,Dannenrod,Alsfeld,Hessen,j,NA,NA,NA,NA,detected,,
387,125,18,3,ar,Holzburg,Ziegenhain,Hessen-Nassau,j,j,j,j,NA,detected,,
389,125,18,11,du,Seibelsdorf,Alsfeld,Hessen,j,j,j,j,NA,detected,,
390,125,18,16,c,Ohmes,Alsfeld,Hessen,j,j,j,j,NA,detected,,
391,125,18,19,dl,Eudorf,Alsfeld,Hessen,NA,j,j,NA,NA,detected,,
392,125,18,20,bl,Elbenrod,Alsfeld,Hessen,j,j,j,NA,NA,detected,,
393,125,18,22,a,Angenrod,Alsfeld,Hessen,j,j,j,j,NA,detected,,
394,125,18,22,b,Leusel,Alsfeld,Hessen,j,j,j,j,NA,detected,,
395,125,19,16,du,Ballersbach,Dillkreis,Hessen-Nassau,j,j,NA,NA,NA,detected,,
396,125,19,18,ao,Offenbach,Dillkreis,Hessen-Nassau,j,j,j,j,NA,detected,,
397,125,20,4,d,Lohra,Marburg,Hessen-Nassau,j,j,NA,NA,NA,detected,,
399,125,20,14,a,Altenvers,Marburg,Hessen-Nassau,j,j,j,j,NA,detected,,
400,125,20,16,br,Wilsbach,Biedenkopf,Hessen-Nassau,j,j,j,NA,NA,detected,,
402,125,21,9,cr,Hachborn,Marburg,Hessen-Nassau,j,j,j,j,NA,detected,,
403,125,21,10,ao,Ebsdorf,Marburg,Hessen-Nassau,j,j,j,j,NA,detected,,
404,125,21,11,al,Oberwalgern,Marburg,Hessen-Nassau,j,j,j,j,NA,detected,,
405,125,21,11,d,Fronhausen,Marburg,Hessen-Nassau,j,j,j,NA,NA,detected,,
410,125,22,14,ao,Deckenbach,Alsfeld,Hessen,j,j,j,j,NA,detected,,
412,125,22,22,cl,Kesselbach,Gießen,Hessen,j,j,j,j,NA,detected,,
413,125,23,2,a,Appenrod,Alsfeld,Hessen,j,NA,NA,NA,NA,detected,,
414,125,23,5,ad,Heimertshausen,Alsfeld,Hessen,NA,j,j,j,NA,detected,,
415,125,23,14,co,Ehringshausen,Alsfeld,Hessen,j,j,j,j,NA,detected,,
418,125,23,23,d,Hainbach,Alsfeld,Hessen,j,j,j,j,NA,detected,,
419,125,24,1,b,Billertshausen,Alsfeld,Hessen,j,j,j,j,NA,detected,,
421,125,24,14,cd,Hopfgarten,Alsfeld,Hessen,j,j,j,j,NA,detected,,
424,125,24,20,b,Hergersdorf,Alsfeld,Hessen,j,j,j,j,NA,detected,,
425,125,25,2,du,Dreisbach,Wetzlar,Hessen-Nassau,j,j,j,j,NA,detected,,
426,125,25,14,au,Bechlingen,Wetzlar,Hessen-Nassau,j,j,j,j,NA,detected,,
427,125,25,16,dl,Daubhausen,Wetzlar,Hessen-Nassau,j,NA,NA,NA,NA,detected,,
428,125,25,17,cd,Ehringshausen,Wetzlar,Hessen-Nassau,NA,NA,j,NA,NA,detected,,
429,125,26,1,cr,Hohensolms,Wetzlar,Hessen-Nassau,NA,NA,j,j,NA,detected,,
431,125,26,14,d,Krofdorf,Wetzlar,Hessen-Nassau,j,j,j,j,NA,detected,,
432,125,26,22,cr,Waldgirmes,Wetzlar,Hessen-Nassau,j,j,j,j,NA,detected,,
433,125,27,2,a,Ruttershausen,Gießen,Hessen,j,j,j,j,NA,detected,,
434,125,27,2,b,Staufenberg,Gießen,Hessen,j,j,j,j,NA,detected,,
435,125,27,3,au,Mainzlar,Gießen,Hessen,j,j,j,j,NA,detected,,
436,125,27,3,cu,Daubringen,Gießen,Hessen,j,j,j,j,NA,detected,,
437,125,27,5,au,Climbach,Gießen,Hessen,j,j,j,j,NA,detected,,
439,125,27,7,al,Lollar,Gießen,Hessen,j,j,j,j,NA,detected,,
442,125,27,17,c,Wieseck,Gießen,Hessen,j,j,j,j,NA,detected,,
446,125,27,24,du,Oppenrod,Gießen,Hessen,j,j,j,NA,NA,detected,,
447,125,28,1,au,Allertshausen,Gießen,Hessen,j,j,NA,NA,NA,detected,,
449,125,28,4,ao,Weitershain,Gießen,Hessen,j,j,j,j,NA,detected,,
450,125,28,7,bo,Geilshausen,Gießen,Hessen,j,NA,NA,NA,NA,detected,,
451,125,28,9,cu,Lumda,Gießen,Hessen,j,j,j,j,NA,detected,,
452,125,28,11,cd,Bersrod,Gießen,Hessen,j,j,j,j,NA,detected,,
453,125,28,13,d,Beltershain,Gießen,Hessen,j,j,NA,NA,NA,detected,,
454,125,28,14,d,Stangenrod,Gießen,Hessen,j,j,j,j,NA,detected,,
455,125,28,20,a,Lehnheim,Alsfeld,Hessen,j,NA,NA,NA,NA,detected,,
456,125,28,21,bl,Lindenstruth,Gießen,Hessen,j,j,j,j,NA,detected,,
457,125,28,22,a,Saasen,Gießen,Hessen,j,j,NA,NA,NA,detected,,
458,125,28,23,ar,Göbelnrod,Gießen,Hessen,j,j,j,j,NA,detected,,
459,125,29,3,ao,Elpenrod,Alsfeld,Hessen,j,j,j,j,NA,detected,,
460,125,29,4,dr,Ermenrod,Alsfeld,Hessen,j,j,j,j,NA,detected,,
462,125,29,11,bu,Merlau,Alsfeld,Hessen,j,j,j,j,NA,detected,,
463,125,29,12,bo,Wettsaasen,Alsfeld,Hessen,j,NA,NA,NA,NA,detected,,
464,125,29,16,bu,Flensungen,Alsfeld,Hessen,j,j,j,j,NA,detected,,
467,125,29,22,cu,Lardenbach,Schotten,Hessen,j,j,j,j,NA,detected,,
469,125,30,1,du,Windhausen,Alsfeld,Hessen,j,NA,NA,NA,NA,detected,,
470,125,30,3,bo,Vadenrod,Alsfeld,Hessen,j,j,j,j,NA,detected,,
471,125,30,3,do,Storndorf,Alsfeld,Hessen,j,j,j,j,NA,detected,,
472,125,30,5,ao,Wallenrod,Lauterbach,Hessen,j,j,j,j,NA,detected,,
473,125,30,11,cu,Stumpertenrod,Schotten,Hessen,j,j,j,NA,NA,detected,,
474,125,30,15,ao,Allmenrod,Lauterbach,Hessen,j,j,j,j,NA,detected,,
475,125,30,17,bd,Helpershain,Schotten,Hessen,j,j,j,NA,NA,detected,,
476,125,30,19,do,Dirlammen,Lauterbach,Hessen,j,j,j,j,NA,detected,,
477,125,30,25,co,Hopfmannsfeld,Lauterbach,Hessen,j,j,j,j,NA,detected,,
478,125,31,13,c,Burgsolms,Wetzlar,Hessen-Nassau,j,j,j,j,NA,detected,,
479,125,31,19,dl,Laufdorf,Wetzlar,Hessen-Nassau,j,j,j,NA,NA,detected,,
480,125,32,3,ar,Atzbach,Wetzlar,Hessen-Nassau,j,j,j,j,NA,detected,,
483,125,32,14,c,Lützellinden,Wetzlar,Hessen-Nassau,j,j,j,j,NA,detected,,
484,125,32,18,cu,Kleinrechtenbach,Wetzlar,Hessen-Nassau,NA,NA,j,NA,NA,detected,,
486,125,33,3,a,Annerod,Gießen,Hessen,j,j,j,j,NA,detected,,
487,125,33,5,ao,Burkhardsfelden,Gießen,Hessen,j,j,j,j,NA,detected,,
489,125,33,9,dl,Albach,Gießen,Hessen,j,j,j,j,NA,detected,,
491,125,33,13,c,Garbenteich,Gießen,Hessen,j,j,j,j,NA,detected,,
492,125,33,16,au,Leihgestern,Gießen,Hessen,j,j,j,NA,NA,detected,,
493,125,33,20,c,Lich,Gießen,Hessen,j,j,j,j,NA,detected,,
494,125,33,23,cu,Dorf-Güll,Gießen,Hessen,j,j,j,j,NA,detected,,
495,125,34,2,bl,Harbach,Gießen,Hessen,j,j,j,j,NA,detected,,
496,125,34,4,d,Lauter,Gießen,Hessen,j,j,NA,j,NA,detected,,
497,125,34,7,bu,Ettingshausen,Gießen,Hessen,j,j,j,j,NA,detected,,
500,125,34,13,d,Röthges,Gießen,Hessen,j,j,j,j,NA,detected,,
501,125,34,14,ao,Wetterfeld,Schotten,Hessen,j,j,j,j,NA,detected,,
503,125,34,23,dr,Villingen,Gießen,Hessen,j,j,j,j,NA,detected,,
504,125,34,24,bo,Ruppertsburg,Schotten,Hessen,j,j,j,j,NA,detected,,
505,125,35,1,ao,Weickartshain,Gießen,Hessen,j,j,j,j,NA,detected,,
507,125,35,19,cu,Betzenrod,Schotten,Hessen,j,j,j,NA,NA,detected,,
508,125,35,19,du,Götzen,Schotten,Hessen,j,j,j,j,NA,detected,,
509,125,36,1,b,Ulrichstein,Schotten,Hessen,j,NA,NA,NA,NA,detected,,
510,125,36,4,cl,Eichelhain,Lauterbach,Hessen,j,NA,NA,NA,NA,detected,,
511,125,36,14,b,Lanzenhain,Lauterbach,Hessen,j,j,j,j,NA,detected,,
512,125,36,16,co,Rudingshain,Schotten,Hessen,NA,j,j,NA,NA,detected,,
513,125,36,21,cu,Busenborn,Schotten,Hessen,j,j,j,j,NA,detected,,
514,125,36,22,au,Breungeshain,Schotten,Hessen,j,j,j,j,NA,detected,,
515,126,1,1,b,Wernswig,Fritzlar-Homberg,Hessen-Nassau,NA,NA,j,NA,NA,detected,,
516,126,1,9,d,Völkershain,Fritzlar-Homberg,Hessen-Nassau,j,j,j,NA,NA,detected,,
518,126,1,19,b,Hülsa,Fritzlar-Homberg,Hessen-Nassau,j,j,j,j,NA,detected,,
520,126,2,14,bo,Beenhausen,Rotenburg,Hessen-Nassau,NA,NA,NA,j,NA,detected,,
522,126,3,7,a,Mündershausen,Rotenburg,Hessen-Nassau,NA,NA,j,j,NA,detected,,
523,126,3,14,dr,Weiterode,Rotenburg,Hessen-Nassau,NA,NA,j,j,NA,detected,,
524,126,3,24,d,Meckbach,Hersfeld,Hessen-Nassau,j,NA,NA,NA,NA,detected,,
529,126,5,17,ao,Obersuhl,Rotenburg,Hessen-Nassau,j,j,j,j,NA,detected,,
540,126,7,12,b,Christerode,Ziegenhain,Hessen-Nassau,j,j,j,j,NA,detected,,
541,126,7,20,c,Wahlshausen,Ziegenhain,Hessen-Nassau,j,j,j,j,NA,detected,,
543,126,8,3,d,Obergeis,Hersfeld,Hessen-Nassau,NA,NA,j,NA,NA,detected,,
546,126,9,23,cu,Rotensee,Hersfeld,Hessen-Nassau,j,j,j,j,NA,detected,,
548,126,10,11,b,Friedewald,Hersfeld,Hessen-Nassau,j,j,j,NA,NA,detected,,
549,126,10,21,d,Hilmes,Hersfeld,Hessen-Nassau,NA,j,j,j,NA,detected,,
550,126,11,1,a,Widdershausen,Hersfeld,Hessen-Nassau,j,j,j,j,NA,detected,,
553,126,11,23,c,Dorndorf,Eisenach,Thüringen,j,NA,NA,NA,NA,detected,,
561,126,13,8,b,Görzhain,Ziegenhain,Hessen-Nassau,j,j,j,j,NA,detected,,
563,126,13,16,bu,Berfa,Ziegenhain,Hessen-Nassau,j,j,j,j,NA,detected,,
564,126,13,22,br,Lingelbach,Ziegenhain,Hessen-Nassau,j,j,j,NA,NA,detected,,
566,126,14,7,d,Hattenbach,Hersfeld,Hessen-Nassau,j,j,j,NA,NA,detected,,
567,126,14,24,bd,Wetzlos,Hünfeld,Hessen-Nassau,NA,NA,j,j,NA,detected,,
568,126,15,8,al,Eitra,Hersfeld,Hessen-Nassau,j,j,j,j,NA,detected,,
569,126,15,11,cu,Holzheim,Hersfeld,Hessen-Nassau,j,j,j,NA,NA,detected,,
571,126,15,23,d,Körnbach,Hünfeld,Hessen-Nassau,j,j,j,j,NA,detected,,
573,126,16,11,ao,Unterweisenborn,Hersfeld,Hessen-Nassau,j,j,j,j,NA,detected,,
574,126,16,22,bo,Soisdorf,Hünfeld,Hessen-Nassau,j,j,j,j,NA,detected,,
579,126,18,6,b,Leimbach,Meiningen,Thüringen,j,NA,NA,NA,NA,detected,,
586,126,19,24,bo,Willofs,Lauterbach,Hessen,j,NA,NA,NA,NA,detected,,
589,126,20,9,d,Langenschwarz,Hünfeld,Hessen-Nassau,j,NA,NA,NA,NA,detected,,
590,126,20,18,b,Sandlofs,Lauterbach,Hessen,j,j,NA,j,NA,detected,,
591,126,20,18,cu,Hutzdorf,Lauterbach,Hessen,j,j,j,j,NA,detected,,
592,126,20,22,do,Schlitz,Lauterbach,Hessen,j,j,j,j,NA,detected,,
593,126,20,24,au,Fraurombach,Lauterbach,Hessen,j,j,NA,NA,NA,detected,,
594,126,21,14,d,Kirchhasel,Hünfeld,Hessen-Nassau,j,j,j,j,NA,detected,,
595,126,21,17,dr,Hünhan,Hünfeld,Hessen-Nassau,j,j,NA,NA,NA,detected,,
598,126,22,21,bo,Haselstein,Hünfeld,Hessen-Nassau,j,NA,NA,NA,NA,detected,,
602,126,23,22,cl,Theobaldshof,Fulda,Hessen-Nassau,NA,j,j,j,NA,detected,,
603,126,23,24,co,Zella,Eisenach,Thüringen,NA,NA,j,j,NA,detected,,
605,126,24,6,bo,Bernshausen,Eisenach,Thüringen,j,j,j,j,NA,detected,,
609,126,25,2,bl,Maar,Lauterbach,Hessen,j,NA,NA,NA,NA,detected,,
610,126,25,6,b,Heblos,Lauterbach,Hessen,j,NA,NA,NA,NA,detected,,
614,126,25,14,a,Angersbach,Lauterbach,Hessen,j,j,j,j,NA,detected,,
615,126,25,20,al,Landenhausen,Lauterbach,Hessen,j,NA,NA,NA,NA,detected,,
616,126,26,5,ar,Michelsrombach,Hünfeld,Hessen-Nassau,NA,j,NA,NA,NA,detected,,
617,126,26,11,al,Bad Salzschlirf,Fulda,Hessen-Nassau,j,j,j,j,NA,detected,,
618,126,26,13,ao,Hartershausen,Lauterbach,Hessen,j,j,j,j,NA,detected,,
620,126,27,10,c,Silges,Hünfeld,Hessen-Nassau,NA,j,NA,NA,NA,detected,,
622,126,28,4,bu,Neuswarts,Fulda,Hessen-Nassau,NA,j,NA,j,NA,detected,,
625,126,28,21,c,Hofbieber,Fulda,Hessen-Nassau,NA,NA,j,NA,NA,detected,,
626,126,28,25,al,Neuschwambach,Fulda,Hessen-Nassau,NA,j,j,j,NA,detected,,
628,126,29,6,b,Tann,Fulda,Hessen-Nassau,NA,NA,j,NA,NA,detected,,
638,126,30,4,ao,Schwarzbach,Meiningen,Thüringen,j,j,j,j,NA,detected,,
641,126,31,2,a,Rixfeld,Lauterbach,Hessen,NA,j,j,j,NA,detected,,
642,126,31,3,c,Schadges,Lauterbach,Hessen,j,j,j,j,NA,detected,,
643,126,31,6,a,Herbstein,Lauterbach,Hessen,NA,j,j,j,NA,detected,,
645,126,31,15,ad,Hainzell,Fulda,Hessen-Nassau,j,j,NA,NA,NA,detected,,
646,126,31,21,du,Vaitshain,Lauterbach,Hessen,j,NA,NA,NA,NA,detected,,
647,126,31,23,ao,Heisters,Lauterbach,Hessen,j,NA,NA,NA,NA,detected,,
649,126,31,25,cl,Hosenfeld,Fulda,Hessen-Nassau,j,j,j,j,NA,detected,,
650,126,32,6,cu,Kleinlüder,Fulda,Hessen-Nassau,NA,NA,NA,j,NA,detected,,
651,126,32,10,bl,Horas,Fulda,Hessen-Nassau,j,j,j,j,NA,detected,,
652,126,32,20,ad,Johannesberg,Fulda,Hessen-Nassau,j,NA,NA,NA,NA,detected,,
653,126,33,7,a,Petersberg,Fulda,Hessen-Nassau,j,j,j,j,NA,detected,,
655,126,33,24,do,Dietershausen,Fulda,Hessen-Nassau,j,j,j,j,NA,detected,,
657,126,34,16,c,Dörmbach,Fulda,Hessen-Nassau,j,NA,NA,NA,NA,detected,,
658,126,34,18,b,Dietges,Fulda,Hessen-Nassau,j,NA,NA,NA,NA,detected,,
659,126,35,1,cl,Hilders,Fulda,Hessen-Nassau,j,j,NA,j,NA,detected,,
660,126,35,11,au,Thaiden,Fulda,Hessen-Nassau,j,j,j,j,NA,detected,,
663,126,35,21,c,Wüstensachsen,Fulda,Hessen-Nassau,j,j,j,j,NA,detected,,
674,138,3,12,ad,Baumbach,Unterwesterwaldkreis,Hessen-Nassau,j,NA,NA,NA,NA,detected,,
681,138,5,1,c,Thalheim,Limburg,Hessen-Nassau,j,j,j,j,NA,detected,,
682,138,5,5,cr,Heckholzhausen,Oberlahnkreis,Hessen-Nassau,j,j,j,NA,NA,detected,,
684,138,5,14,ad,Obertiefenbach,Oberlahnkreis,Hessen-Nassau,j,NA,NA,NA,NA,detected,,
685,138,5,18,c,Ahlbach,Limburg,Hessen-Nassau,j,j,j,NA,NA,detected,,
686,138,5,25,au,Hofen,Oberlahnkreis,Hessen-Nassau,j,j,j,j,NA,detected,,
687,138,6,8,al,Odersbach,Oberlahnkreis,Hessen-Nassau,j,j,j,NA,NA,detected,,
688,138,6,15,al,Edelsberg,Oberlahnkreis,Hessen-Nassau,j,j,j,j,NA,detected,,
689,138,6,18,cu,Falkenbach,Oberlahnkreis,Hessen-Nassau,j,j,NA,NA,NA,detected,,
690,138,6,19,cr,Weinbach,Oberlahnkreis,Hessen-Nassau,NA,NA,j,j,NA,detected,,
691,138,6,22,du,Seelbach,Oberlahnkreis,Hessen-Nassau,j,j,j,j,NA,detected,,
700,138,10,13,ab,Hirschberg,Unterlahnkreis,Hessen-Nassau,j,NA,NA,NA,NA,detected,,
703,138,11,2,al,Elz,Limburg,Hessen-Nassau,j,NA,NA,NA,NA,detected,,
706,138,11,13,cd,Linter,Limburg,Hessen-Nassau,NA,NA,j,j,NA,detected,,
707,138,11,17,c,Holzheim,Unterlahnkreis,Hessen-Nassau,j,j,j,j,NA,detected,,
708,138,12,9,co,Langhecke,Oberlahnkreis,Hessen-Nassau,j,j,j,j,NA,detected,,
709,138,12,12,dl,Weyer,Oberlahnkreis,Hessen-Nassau,j,j,j,j,NA,detected,,
710,138,12,16,d,Oberbrechen,Limburg,Hessen-Nassau,j,j,j,NA,NA,detected,,
719,138,16,7,ac,Seelbach,Unterlahnkreis,Hessen-Nassau,j,j,j,j,NA,detected,,
727,138,17,5,ao,Neesbach,Limburg,Hessen-Nassau,j,j,j,j,NA,detected,,
729,138,17,20,cu,Ketternschwalbach,Untertaunuskreis,Hessen-Nassau,j,j,j,j,NA,detected,,
730,138,18,9,ab,Schwickershausen,Limburg,Hessen-Nassau,j,j,j,NA,NA,detected,,
731,138,18,11,bo,Ohren,Limburg,Hessen-Nassau,j,NA,NA,NA,NA,detected,,
732,138,18,19,cl,Walsdorf,Untertaunuskreis,Hessen-Nassau,j,j,j,j,NA,detected,,
738,138,22,2,ad,Obertiefenbach,St. Goarshausen,Hessen-Nassau,j,j,j,NA,NA,detected,,
739,138,22,15,ar,Laufenselden,Untertaunuskreis,Hessen-Nassau,j,j,j,j,NA,detected,,
741,138,22,22,br,Niedermeilingen,Untertaunuskreis,Hessen-Nassau,j,j,j,j,NA,detected,,
742,138,23,3,br,Daisbach,Untertaunuskreis,Hessen-Nassau,j,j,j,j,NA,detected,,
743,138,23,9,ar,Hennethal,Untertaunuskreis,Hessen-Nassau,j,j,j,j,NA,detected,,
744,138,23,18,b,Breithardt,Untertaunuskreis,Hessen-Nassau,j,j,j,j,NA,detected,,
745,138,23,21,cu,Kemel,Untertaunuskreis,Hessen-Nassau,NA,NA,j,NA,NA,detected,,
746,138,23,25,c,Wingsbach,Untertaunuskreis,Hessen-Nassau,j,j,NA,NA,NA,detected,,
747,138,24,11,au,Niederlibbach,Untertaunuskreis,Hessen-Nassau,NA,NA,NA,j,NA,detected,,
748,138,24,19,dl,Oberseelbach,Untertaunuskreis,Hessen-Nassau,j,NA,NA,NA,NA,detected,,
760,138,28,3,ac,Zorn,Untertaunuskreis,Hessen-Nassau,j,j,j,j,NA,detected,,
761,138,28,10,ac,Springen,Untertaunuskreis,Hessen-Nassau,j,j,j,NA,NA,detected,,
762,138,28,14,al,Dickschied,Untertaunuskreis,Hessen-Nassau,j,j,j,j,NA,detected,,
763,138,28,16,c,Ransel,Rheingau,Hessen-Nassau,j,j,NA,NA,NA,detected,,
764,138,29,3,b,Born,Untertaunuskreis,Hessen-Nassau,j,j,j,j,NA,detected,,
765,138,29,7,d,Bad Schwalbach,Untertaunuskreis,Hessen-Nassau,j,j,j,j,NA,detected,,
766,138,29,14,ac,Seitzenhahn,Untertaunuskreis,Hessen-Nassau,j,j,j,NA,NA,detected,,
768,138,30,4,b,Königshofen,Main-Taunuskreis,Hessen-Nassau,j,j,j,j,NA,detected,,
771,138,30,24,cu,Bierstadt,Wiesbaden,Hessen-Nassau,NA,j,j,NA,NA,detected,,
774,138,33,14,b,Lorch,Rheingau,Hessen-Nassau,NA,NA,j,NA,NA,detected,,
780,138,34,14,cu,Stephanshausen,Rheingau,Hessen-Nassau,j,j,j,NA,NA,detected,,
782,138,35,10,ao,Frauenstein,Wiesbaden,Hessen-Nassau,j,NA,NA,NA,NA,detected,,
783,138,35,13,ac,Kiedrich,Rheingau,Hessen-Nassau,j,j,j,j,NA,detected,,
785,138,35,21,du,Oestrich,Rheingau,Hessen-Nassau,j,j,j,j,NA,detected,,
786,138,36,1,do,Dotzheim,Wiesbaden,Hessen-Nassau,NA,j,j,j,NA,detected,,
787,138,36,5,bl,Igstadt,Wiesbaden,Hessen-Nassau,j,j,NA,NA,NA,detected,,
788,138,36,9,do,Erbenheim,Wiesbaden,Hessen-Nassau,j,j,j,j,NA,detected,,
789,138,36,11,br,Schierstein,Wiesbaden,Hessen-Nassau,j,j,j,j,NA,detected,,
792,139,1,9,ac,Niederquembach,Wetzlar,Hessen-Nassau,j,NA,NA,NA,NA,detected,,
793,139,1,12,d,Möttau,Oberlahnkreis,Hessen-Nassau,NA,NA,j,NA,NA,detected,,
794,139,1,17,cu,Weilmünster,Oberlahnkreis,Hessen-Nassau,j,j,j,j,NA,detected,,
795,139,1,19,br,Kröffelbach,Wetzlar,Hessen-Nassau,NA,NA,j,j,NA,detected,,
796,139,1,20,cd,Brandoberndorf,Wetzlar,Hessen-Nassau,j,NA,NA,NA,NA,detected,,
797,139,2,1,cl,Niederwetz,Wetzlar,Hessen-Nassau,j,j,NA,NA,NA,detected,,
799,139,2,9,ac,Niederkleen,Wetzlar,Hessen-Nassau,j,j,NA,NA,NA,detected,,
804,139,3,2,cd,Holzheim,Gießen,Hessen,j,j,j,j,NA,detected,,
805,139,3,5,al,Birklar,Gießen,Hessen,j,j,j,j,NA,detected,,
807,139,3,9,bo,Muschenheim,Gießen,Hessen,j,NA,NA,NA,NA,detected,,
808,139,3,12,bu,Gambach,Friedberg,Hessen,j,j,j,j,NA,detected,,
811,139,3,16,cu,Butzbach,Friedberg,Hessen,j,j,j,j,NA,detected,,
812,139,3,20,dl,Obbornhofen,Gießen,Hessen,j,j,j,j,NA,detected,,
813,139,3,22,br,Rockenberg,Friedberg,Hessen,j,j,j,j,NA,detected,,
814,139,3,23,cu,Oppershofen,Friedberg,Hessen,j,j,j,j,NA,detected,,
815,139,3,25,ar,Wohnbach,Friedberg,Hessen,j,j,j,j,NA,detected,,
816,139,4,1,ad,Langsdorf,Gießen,Hessen,j,j,j,j,NA,detected,,
817,139,4,6,al,Bettenhausen,Gießen,Hessen,j,j,j,j,NA,detected,,
818,139,4,7,bd,Hungen,Gießen,Hessen,j,j,j,j,NA,detected,,
820,139,4,12,do,Inheiden,Gießen,Hessen,j,j,j,j,NA,detected,,
822,139,4,21,bu,Berstadt,Büdingen,Hessen,j,j,j,j,NA,detected,,
824,139,4,24,br,Borsdorf,Büdingen,Hessen,j,j,j,j,NA,detected,,
826,139,5,9,du,Wingershausen,Schotten,Hessen,j,j,j,j,NA,detected,,
827,139,5,11,a,Ulfa,Schotten,Hessen,j,j,j,j,NA,detected,,
832,139,6,8,a,Sichenhausen,Schotten,Hessen,j,j,j,j,NA,detected,,
833,139,6,9,cl,Hartmannshain,Schotten,Hessen,j,NA,NA,NA,NA,detected,,
834,139,6,14,d,Völzberg,Gelnhausen,Hessen-Nassau,NA,NA,j,j,NA,detected,,
835,139,7,1,do,Rohnstadt,Oberlahnkreis,Hessen-Nassau,j,j,NA,NA,NA,detected,,
836,139,7,5,ac,Hasselborn,Wetzlar,Hessen-Nassau,j,j,j,j,NA,detected,,
837,139,7,14,ac,Naunstadt,Usingen,Hessen-Nassau,j,j,j,j,NA,detected,,
838,139,7,18,ac,Gemünden,Usingen,Hessen-Nassau,j,j,j,j,NA,detected,,
840,139,8,2,cd,Bodenrod,Friedberg,Hessen,j,j,j,j,NA,detected,,
841,139,8,12,br,Maibach,Friedberg,Hessen,j,j,j,j,NA,detected,,
842,139,8,14,dr,Langenhain-Ziegenberg,Friedberg,Hessen,j,j,j,j,NA,detected,,
843,139,8,17,br,Wernborn,Usingen,Hessen-Nassau,j,j,j,j,NA,detected,,
847,139,9,5,cu,Wölfersheim,Friedberg,Hessen,NA,NA,j,j,NA,detected,,
848,139,9,9,br,Södel,Friedberg,Hessen,j,j,j,j,NA,detected,,
851,139,9,18,d,Schwalheim,Friedberg,Hessen,j,NA,NA,NA,NA,detected,,
854,139,9,24,dr,Bauernheim,Friedberg,Hessen,j,j,j,j,NA,detected,,
856,139,10,8,al,Bisses,Büdingen,Hessen,NA,j,NA,NA,NA,detected,,
857,139,10,12,ab,Gettenau,Büdingen,Hessen,j,j,j,j,NA,detected,,
859,139,10,12,d,Bingenheim,Büdingen,Hessen,j,j,j,j,NA,detected,,
860,139,10,16,a,Weckesheim,Friedberg,Hessen,j,NA,NA,NA,NA,detected,,
862,139,10,19,ab,Dauernheim,Büdingen,Hessen,j,j,j,j,NA,detected,,
863,139,10,20,co,Ranstadt,Büdingen,Hessen,j,j,j,j,NA,detected,,
864,139,10,21,c,Dorn-Assenheim,Friedberg,Hessen,j,j,j,j,NA,detected,,
865,139,11,1,a,Nidda,Büdingen,Hessen,j,j,j,j,NA,detected,,
868,139,11,6,ad,Wallernhausen,Büdingen,Hessen,j,j,j,j,NA,detected,,
869,139,11,17,dl,Ortenberg,Büdingen,Hessen,j,j,j,j,NA,detected,,
870,139,11,19,au,Usenborn,Büdingen,Hessen,j,j,j,j,NA,detected,,
871,139,11,20,dl,Bindsachsen,Büdingen,Hessen,j,j,j,j,NA,detected,,
875,139,12,4,c,Kirchbracht,Gelnhausen,Hessen-Nassau,j,j,j,NA,NA,detected,,
876,139,12,6,du,Wenings,Büdingen,Hessen,j,j,NA,j,NA,detected,,
879,139,12,15,ab,Oberreichenbach,Gelnhausen,Hessen-Nassau,j,j,j,NA,NA,detected,,
880,139,12,15,cd,Unterreichenbach,Gelnhausen,Hessen-Nassau,j,j,j,j,NA,detected,,
882,139,12,22,a,Kefenrod,Büdingen,Hessen,j,j,j,j,NA,detected,,
883,139,12,23,ar,Hitzkirchen,Büdingen,Hessen,j,j,j,NA,NA,detected,,
885,139,13,13,bo,Treisberg,Usingen,Hessen-Nassau,j,NA,NA,NA,NA,detected,,
887,139,13,21,do,Niederems,Usingen,Hessen-Nassau,j,j,NA,NA,NA,detected,,
888,139,14,4,al,Pfaffenwiesbach,Usingen,Hessen-Nassau,j,j,j,j,NA,detected,,
889,139,14,6,b,Westerfeld,Usingen,Hessen-Nassau,NA,NA,j,NA,NA,detected,,
891,139,14,20,ac,Köppern,Obertaunuskreis,Hessen-Nassau,j,j,j,j,NA,detected,,
892,139,15,2,ab,Ockstadt,Friedberg,Hessen,j,j,j,j,NA,detected,,
894,139,15,9,dl,Bruchenbrücken,Friedberg,Hessen,j,j,j,j,NA,detected,,
895,139,15,15,ao,Assenheim,Friedberg,Hessen,j,j,j,j,NA,detected,,
897,139,15,24,bd,Burg-Gräfenrode,Friedberg,Hessen,j,j,j,j,NA,detected,,
899,139,16,3,a,Staden,Friedberg,Hessen,j,j,NA,NA,NA,detected,,
901,139,16,16,dr,Erbstadt,Hanau,Hessen-Nassau,j,NA,NA,NA,NA,detected,,
902,139,16,18,ao,Engelthal,Büdingen,Hessen,j,j,j,NA,NA,detected,,
904,139,16,19,ac,Oberau,Büdingen,Hessen,j,j,j,j,NA,detected,,
905,139,16,20,dl,Hainchen,Büdingen,Hessen,j,j,j,j,NA,detected,,
906,139,16,21,cl,Kaichen,Friedberg,Hessen,j,j,j,j,NA,detected,,
907,139,16,24,br,Rommelhausen,Büdingen,Hessen,j,j,j,j,NA,detected,,
909,139,17,2,ar,Bleichenbach,Büdingen,Hessen,j,j,j,j,NA,detected,,
911,139,17,8,ad,Wolf,Büdingen,Hessen,j,j,j,j,NA,detected,,
912,139,17,11,bd,Düdelsheim,Büdingen,Hessen,j,j,j,j,NA,detected,,
913,139,17,12,br,Büches,Büdingen,Hessen,j,j,j,NA,NA,detected,,
914,139,17,12,dr,Orleshausen,Büdingen,Hessen,j,j,j,j,NA,detected,,
915,139,17,14,cl,Büdingen,Büdingen,Hessen,j,j,j,j,NA,detected,,
916,139,17,18,dl,Lorbach,Büdingen,Hessen,j,j,NA,NA,NA,detected,,
918,139,17,21,d,Eckartshausen,Büdingen,Hessen,j,j,j,NA,NA,detected,,
919,139,17,23,bd,Vonhausen,Büdingen,Hessen,j,j,j,j,NA,detected,,
921,139,18,1,al,Michelau,Büdingen,Hessen,j,NA,NA,NA,NA,detected,,
922,139,18,1,b,Wolferborn,Gelnhausen,Hessen-Nassau,j,NA,NA,NA,NA,detected,,
923,139,18,3,ad,Streitberg,Gelnhausen,Hessen-Nassau,j,j,j,j,NA,detected,,
924,139,18,6,bo,Rinderbügen,Büdingen,Hessen,j,NA,NA,NA,NA,detected,,
925,139,18,13,d,Wittgenborn,Gelnhausen,Hessen-Nassau,j,j,j,NA,NA,detected,,
926,139,18,21,bl,Breitenborn,Gelnhausen,Hessen-Nassau,j,j,j,j,NA,detected,,
927,139,19,3,bd,Niederreifenberg,Main-Taunuskreis,Hessen-Nassau,j,j,j,j,NA,detected,,
928,139,19,7,au,Kröftel,Untertaunuskreis,Hessen-Nassau,j,j,j,j,NA,detected,,
929,139,19,20,cl,Falkenstein,Obertaunuskreis,Hessen-Nassau,j,j,j,j,NA,detected,,
930,139,20,8,al,Oberstedten,Obertaunuskreis,Hessen-Nassau,j,j,j,j,NA,detected,,
932,139,20,18,bo,Bommersheim,Obertaunuskreis,Hessen-Nassau,j,j,j,j,NA,detected,,
933,139,21,2,ar,Petterweil,Friedberg,Hessen,j,j,j,j,NA,detected,,
934,139,21,3,bo,Okarben,Friedberg,Hessen,j,j,j,j,NA,detected,,
935,139,21,3,dr,Groß Karben,Friedberg,Hessen,j,j,j,j,NA,detected,,
939,139,21,13,cd,Dortelweil,Friedberg,Hessen,j,j,j,j,NA,detected,,
940,139,21,14,ab,Rendel,Friedberg,Hessen,j,j,j,j,NA,detected,,
944,139,21,20,a,Oberdorfelden,Hanau,Hessen-Nassau,NA,NA,j,j,NA,detected,,
945,139,22,1,d,Heldenbergen,Friedberg,Hessen,j,j,j,j,NA,detected,,
946,139,22,10,c,Marköbel,Hanau,Hessen-Nassau,j,j,j,j,NA,detected,,
947,139,22,18,bd,Niederissigheim,Hanau,Hessen-Nassau,j,j,j,j,NA,detected,,
948,139,22,21,du,Wachenbuchen,Hanau,Hessen-Nassau,j,j,j,j,NA,detected,,
949,139,22,25,cl,Langendiebach,Hanau,Hessen-Nassau,j,j,NA,NA,NA,detected,,
952,139,23,5,dl,Gettenbach,Gelnhausen,Hessen-Nassau,j,j,NA,NA,NA,detected,,
953,139,23,7,ao,Altwiedermus,Büdingen,Hessen,j,j,j,NA,NA,detected,,
954,139,23,19,al,Rothenbergen,Gelnhausen,Hessen-Nassau,j,j,j,j,NA,detected,,
955,139,23,22,al,Langenselbold,Hanau,Hessen-Nassau,j,j,j,j,NA,detected,,
956,139,24,8,do,Wirtheim,Gelnhausen,Hessen-Nassau,NA,NA,j,NA,NA,detected,,
957,139,24,22,c,Geislitz,Gelnhausen,Hessen-Nassau,NA,NA,j,j,NA,detected,,
958,139,24,24,a,Lanzingen,Gelnhausen,Hessen-Nassau,NA,NA,j,NA,NA,detected,,
960,139,25,5,cd,Neuenhain,Main-Taunuskreis,Hessen-Nassau,j,j,j,j,NA,detected,,
961,139,25,6,d,Bremthal,Main-Taunuskreis,Hessen-Nassau,j,j,j,NA,NA,detected,,
962,139,25,13,cr,Lorsbach,Main-Taunuskreis,Hessen-Nassau,j,j,j,NA,NA,detected,,
963,139,25,15,co,Niederhofheim,Main-Taunuskreis,Hessen-Nassau,j,NA,NA,NA,NA,detected,,
965,139,25,24,cl,Hofheim,Main-Taunuskreis,Hessen-Nassau,j,j,j,j,NA,detected,,
966,139,26,7,br,Eschborn,Main-Taunuskreis,Hessen-Nassau,j,j,j,j,NA,detected,,
970,139,27,14,bo,Rumpenheim,Offenbach,Hessen,j,NA,NA,NA,NA,detected,,
976,139,29,6,b,Niederrodenbach,Hanau,Hessen-Nassau,j,j,j,j,NA,detected,,
977,139,29,9,c,Somborn,Gelnhausen,Hessen-Nassau,j,j,NA,NA,NA,detected,,
984,139,31,2,al,Breckenheim,Main-Taunuskreis,Hessen-Nassau,j,j,j,j,NA,detected,,
985,139,31,6,a,Nordenstadt,Main-Taunuskreis,Hessen-Nassau,j,j,j,j,NA,detected,,
986,139,31,7,al,Wallau,Main-Taunuskreis,Hessen-Nassau,j,j,NA,NA,NA,detected,,
987,139,31,11,bo,Delkenheim,Main-Taunuskreis,Hessen-Nassau,j,j,j,j,NA,detected,,
989,139,31,19,cu,Raunheim,Groß Gerau,Hessen,j,j,j,j,NA,detected,,
992,139,32,1,dr,Kelsterbach,Groß Gerau,Hessen,j,j,j,j,NA,detected,,
993,139,32,23,cl,Walldorf,Groß Gerau,Hessen,j,NA,NA,NA,NA,detected,,
994,139,33,21,bo,Sprendlingen,Offenbach,Hessen,j,j,j,j,NA,detected,,
995,139,33,22,cu,Dreieichenhain,Offenbach,Hessen,j,j,j,NA,NA,detected,,
996,139,33,24,ac,Dietzenbach,Offenbach,Hessen,j,j,j,j,NA,detected,,
1000,139,34,8,dr,Froschhausen,Offenbach,Hessen,j,j,j,j,NA,detected,,
1001,139,34,11,bl,Rembrücken,Offenbach,Hessen,j,j,j,j,NA,detected,,
1002,139,34,14,bd,Seligenstadt,Offenbach,Hessen,j,j,j,j,NA,detected,,
1003,139,34,17,ad,Jügesheim,Offenbach,Hessen,j,j,j,j,NA,detected,,
1004,139,34,25,ar,Zellhausen,Offenbach,Hessen,j,j,j,j,NA,detected,,
1006,139,35,16,bo,Mainflingen,Offenbach,Hessen,j,NA,NA,NA,NA,detected,,
1012,140,1,1,co,Grebenhain,Lauterbach,Hessen,j,NA,NA,NA,NA,detected,,
1015,140,1,13,al,Gunzenau,Lauterbach,Hessen,j,j,NA,NA,NA,detected,,
1017,140,1,19,cl,Reinhards,Schlüchtern,Hessen-Nassau,j,j,j,j,NA,detected,,
1018,140,1,23,cl,Freiensteinau,Lauterbach,Hessen,j,NA,NA,NA,NA,detected,,
1019,140,2,24,bu,Mittelkalbach,Fulda,Hessen-Nassau,j,j,j,j,NA,detected,,
1020,140,3,1,b,Eichenzell,Fulda,Hessen-Nassau,NA,NA,j,NA,NA,detected,,
1021,140,3,7,bl,Welkers,Fulda,Hessen-Nassau,j,j,NA,NA,NA,detected,,
1022,140,3,15,c,Hettenhausen,Fulda,Hessen-Nassau,j,j,j,NA,NA,detected,,
1023,140,3,25,cr,Dalherda,Fulda,Hessen-Nassau,j,j,j,j,NA,detected,,
1025,140,4,13,dr,Sandberg,Fulda,Hessen-Nassau,NA,NA,j,j,NA,detected,,
1026,140,4,23,a,Rengersfeld,Fulda,Hessen-Nassau,NA,NA,j,j,NA,detected,,
1028,140,7,8,bd,Ürzell,Schlüchtern,Hessen-Nassau,j,j,j,j,NA,detected,,
1029,140,7,17,dr,Sarrod,Schlüchtern,Hessen-Nassau,j,j,NA,NA,NA,detected,,
1030,140,8,1,dr,Höf und Haid,Fulda,Hessen-Nassau,j,j,j,j,NA,detected,,
1031,140,8,10,a,Eichenried,Fulda,Hessen-Nassau,j,j,NA,NA,NA,detected,,
1032,140,8,17,bl,Elm,Schlüchtern,Hessen-Nassau,j,NA,NA,NA,NA,detected,,
1033,140,8,22,b,Herolz,Schlüchtern,Hessen-Nassau,NA,NA,j,j,NA,detected,,
1034,140,8,23,do,Vollmerz,Schlüchtern,Hessen-Nassau,j,j,j,j,NA,detected,,
1036,140,9,22,cu,Oberzell,Schlüchtern,Hessen-Nassau,j,j,NA,NA,NA,detected,,
1038,140,13,14,ad,Seidenroth,Schlüchtern,Hessen-Nassau,j,j,j,j,NA,detected,,
1039,140,13,18,dl,Alsberg,Gelnhausen,Hessen-Nassau,j,j,j,j,NA,detected,,
1041,140,14,8,bd,Weiperz,Schlüchtern,Hessen-Nassau,j,j,j,j,NA,detected,,
1042,140,14,18,dr,Neuengronau,Schlüchtern,Hessen-Nassau,j,j,j,NA,NA,detected,,
1044,140,15,6,a,Weichersbach,Schlüchtern,Hessen-Nassau,NA,NA,j,j,NA,detected,,
1045,140,15,6,cu,Schwarzenfels,Schlüchtern,Hessen-Nassau,NA,NA,j,j,NA,detected,,
1046,140,15,7,br,Züntersbach,Schlüchtern,Hessen-Nassau,j,NA,NA,NA,NA,detected,,
1048,140,19,5,co,Mernes,Gelnhausen,Hessen-Nassau,NA,NA,j,j,NA,detected,,
1051,140,25,13,ao,Flörsbach,Gelnhausen,Hessen-Nassau,j,j,j,NA,NA,detected,,
1054,151,1,3,a,Rüsselsheim,Groß Gerau,Hessen,j,j,j,j,NA,detected,,
1055,151,1,4,cu,Haßloch,Groß Gerau,Hessen,j,NA,NA,NA,NA,detected,,
1057,151,1,12,au,Bauschheim,Groß Gerau,Hessen,NA,j,j,j,NA,detected,,
1058,151,1,22,ao,Astheim,Groß Gerau,Hessen,j,j,NA,NA,NA,detected,,
1059,151,1,23,co,Trebur,Groß Gerau,Hessen,j,j,j,j,NA,detected,,
1060,151,2,14,d,Erzhausen,Darmstadt,Hessen,j,j,j,j,NA,detected,,
1062,151,2,23,a,Schneppenhausen,Darmstadt,Hessen,j,j,j,j,NA,detected,,
1064,151,3,6,cl,Egelsbach,Offenbach,Hessen,j,j,j,j,NA,detected,,
1065,151,3,8,a,Offenthal,Offenbach,Hessen,j,NA,NA,NA,NA,detected,,
1066,151,3,9,d,Urberach,Dieburg,Hessen,j,j,j,j,NA,detected,,
1068,151,3,18,co,Messel,Darmstadt,Hessen,j,j,j,j,NA,detected,,
1070,151,4,13,du,Sickenhofen,Dieburg,Hessen,j,NA,NA,NA,NA,detected,,
1071,151,4,14,a,Babenhausen,Dieburg,Hessen,j,j,j,j,NA,detected,,
1074,151,4,23,a,Harpertshausen,Dieburg,Hessen,j,j,j,j,NA,detected,,
1077,151,5,21,c,Schaafheim,Dieburg,Hessen,j,NA,NA,NA,NA,detected,,
1080,151,7,4,co,Wallerstädten,Groß Gerau,Hessen,NA,j,j,j,NA,detected,,
1081,151,7,5,cu,Berkach,Groß Gerau,Hessen,j,NA,NA,NA,NA,detected,,
1085,151,7,19,co,Leeheim,Groß Gerau,Hessen,j,NA,NA,NA,NA,detected,,
1087,151,7,24,d,Erfelden,Groß Gerau,Hessen,j,j,NA,NA,NA,detected,,
1088,151,8,1,c,Büttelborn,Groß Gerau,Hessen,j,NA,NA,NA,NA,detected,,
1090,151,8,21,cl,Goddelau,Groß Gerau,Hessen,j,j,j,j,NA,detected,,
1091,151,9,14,cr,Gundernhausen,Dieburg,Hessen,j,j,j,j,NA,detected,,
1093,151,9,22,cl,Traisa,Darmstadt,Hessen,j,j,j,j,NA,detected,,
1095,151,9,24,b,Georgenhausen,Dieburg,Hessen,j,NA,NA,NA,NA,detected,,
1097,151,10,4,cu,Kleestadt,Dieburg,Hessen,j,j,j,j,NA,detected,,
1098,151,10,8,dl,Richen,Dieburg,Hessen,j,j,j,j,NA,detected,,
1101,151,10,12,co,Semd,Dieburg,Hessen,j,j,j,j,NA,detected,,
1103,151,10,14,do,Raibach,Dieburg,Hessen,j,j,j,j,NA,detected,,
1104,151,10,17,cu,Habitzheim,Dieburg,Hessen,j,j,j,j,NA,detected,,
1107,151,11,11,cu,Dorndiel,Dieburg,Hessen,j,NA,NA,NA,NA,detected,,
1113,151,11,25,au,Obernburg,BA. Obernburg,RegBez. Unterfranken (Bayern),j,NA,NA,NA,NA,detected,,
1120,151,13,25,c,Gernsheim,Groß Gerau,Hessen,j,j,j,j,NA,detected,,
1122,151,14,6,au,Crumstadt,Groß Gerau,Hessen,j,j,j,j,NA,detected,,
1123,151,14,7,b,Eschollbrücken,Darmstadt,Hessen,NA,j,j,j,NA,detected,,
1125,151,14,12,bu,Hahn,Darmstadt,Hessen,j,j,j,j,NA,detected,,
1126,151,14,24,c,Bickenbach,Bensheim,Hessen,j,j,j,j,NA,detected,,
1135,151,15,17,au,Neutsch,Dieburg,Hessen,j,j,j,j,NA,detected,,
1136,151,15,19,do,Lichtenberg,Dieburg,Hessen,j,j,NA,NA,NA,detected,,
1137,151,16,1,al,Reinheim,Dieburg,Hessen,j,j,j,j,NA,detected,,
1138,151,16,1,co,Ueberau,Dieburg,Hessen,j,j,j,j,NA,detected,,
1139,151,16,4,co,Wiebelsbach,Dieburg,Hessen,j,NA,NA,NA,NA,detected,,
1142,151,16,13,do,Hassenroth,Erbach,Hessen,j,j,j,j,NA,detected,,
1143,151,16,16,bu,Wersau,Dieburg,Hessen,j,j,j,j,NA,detected,,
1144,151,16,18,br,Hummetroth,Erbach,Hessen,j,j,j,j,NA,detected,,
1147,151,17,1,cu,Sandbach,Erbach,Hessen,j,j,j,j,NA,detected,,
1149,151,17,2,du,Rai-Breitenbach,Erbach,Hessen,j,j,NA,NA,NA,detected,,
1150,151,17,10,c,Erlenbach,BA. Obernburg,RegBez. Unterfranken (Bayern),j,j,j,NA,NA,detected,,
1151,151,17,12,cu,Rimhorn,Erbach,Hessen,j,j,j,j,NA,detected,,
1152,151,17,13,c,Lützel-Wiebelsbach,Erbach,Hessen,j,j,j,j,NA,detected,,
1153,151,17,21,bu,Fürstengrund,Erbach,Hessen,j,NA,NA,NA,NA,detected,,
1154,151,17,23,bu,Haingrund,Erbach,Hessen,j,j,j,j,NA,detected,,
1160,151,19,17,cu,Nordheim,Bensheim,Hessen,j,j,j,j,NA,detected,,
1161,151,19,18,cl,Wattenheim,Bensheim,Hessen,j,NA,NA,NA,NA,detected,,
1162,151,20,3,cl,Hähnlein,Bensheim,Hessen,j,j,j,j,NA,detected,,
1164,151,20,9,cl,Zwingenberg,Bensheim,Hessen,NA,j,j,j,NA,detected,,
1165,151,20,10,ao,Balkhausen,Bensheim,Hessen,j,j,j,j,NA,detected,,
1166,151,20,13,cl,Fehlheim,Bensheim,Hessen,j,j,j,j,NA,detected,,
1167,151,20,14,du,Auerbach,Bensheim,Hessen,j,j,j,j,NA,detected,,
1168,151,20,15,ao,Hochstädten,Bensheim,Hessen,j,j,j,j,NA,detected,,
1169,151,21,2,ar,Allertshausen,Dieburg,Hessen,j,j,j,NA,NA,detected,,
1170,151,21,3,b,Lützelbach,Dieburg,Hessen,j,j,j,j,NA,detected,,
1171,151,21,4,b,Steinau,Dieburg,Hessen,j,j,j,j,NA,detected,,
1173,151,21,13,do,Kolmbach,Bensheim,Hessen,j,j,j,j,NA,detected,,
1174,151,21,15,c,Klein-Gumpen,Erbach,Hessen,j,j,j,j,NA,detected,,
1176,151,21,17,dl,Schannenbach,Bensheim,Hessen,NA,j,j,j,NA,detected,,
1178,151,21,19,c,Lindenfels,Bensheim,Hessen,j,j,j,j,NA,detected,,
1179,151,21,23,du,Ellenbach,Heppenheim,Hessen,j,j,j,j,NA,detected,,
1184,151,22,14,au,Rehbach,Erbach,Hessen,j,NA,NA,NA,NA,detected,,
1185,151,22,16,b,Unter-Ostern,Erbach,Hessen,j,j,NA,j,NA,detected,,
1186,151,22,19,cu,Steinbuch,Erbach,Hessen,j,j,j,j,NA,detected,,
1187,151,22,22,co,Erzbach,Erbach,Hessen,j,j,NA,NA,NA,detected,,
1190,151,23,6,au,Momart,Erbach,Hessen,j,j,NA,j,NA,detected,,
1192,151,23,13,b,Vielbrunn,Erbach,Hessen,j,j,j,j,NA,detected,,
1193,151,24,1,a,Laudenbach,BA. Miltenberg,RegBez. Unterfranken (Bayern),NA,NA,NA,j,NA,detected,,
1197,151,25,3,co,Hofheim,Bensheim,Hessen,j,j,j,j,NA,detected,,
1198,151,25,9,au,Bürstadt,Bensheim,Hessen,j,j,j,j,NA,detected,,
1200,151,26,2,du,Lorsch,Bensheim,Hessen,j,j,j,NA,NA,detected,,
1202,151,26,18,cu,Hüttenfeld,Bensheim,Hessen,j,j,j,j,NA,detected,,
1205,151,27,6,d,Sonderbach,Heppenheim,Hessen,j,j,j,j,NA,detected,,
1206,151,27,8,al,Mitlechtern,Heppenheim,Hessen,NA,j,j,j,NA,detected,,
1207,151,27,8,dr,Fahrenbach,Heppenheim,Hessen,j,j,j,j,NA,detected,,
1208,151,27,10,dl,Hammelbach,Heppenheim,Hessen,j,NA,NA,NA,NA,detected,,
1215,151,27,25,co,Gadern,Heppenheim,Hessen,j,j,NA,j,NA,detected,,
1218,151,28,16,cu,Kocherbach,Heppenheim,Hessen,j,j,NA,j,NA,detected,,
1220,151,28,21,b,Affolterbach,Heppenheim,Hessen,j,NA,NA,NA,NA,detected,,
1221,151,28,21,cl,Hartenrod,Heppenheim,Hessen,j,j,j,j,NA,detected,,
1222,151,29,1,au,Dorf-Erbach,Erbach,Hessen,j,j,j,j,NA,detected,,
1223,151,29,2,bl,Ernsbach,Erbach,Hessen,j,NA,NA,NA,NA,detected,,
1224,151,29,3,cl,Würzberg,Erbach,Hessen,j,j,j,NA,NA,detected,,
1225,151,29,6,ab,Erlenbach,Erbach,Hessen,j,j,j,j,NA,detected,,
1234,151,30,24,ad,Hornbach,AB. Buchen,Baden,j,NA,NA,NA,NA,detected,,
1242,151,33,2,b,Reisen,Heppenheim,Hessen,j,j,j,j,NA,detected,,
1243,151,33,2,d,Hornbach,Heppenheim,Hessen,j,j,j,j,NA,detected,,
1246,151,33,7,a,Birkenau,Heppenheim,Hessen,j,j,j,j,NA,detected,,
1254,151,34,4,du,Beerfelden,Erbach,Hessen,j,j,j,j,NA,detected,,
1256,151,34,19,b,Gammelsbach,Erbach,Hessen,j,j,NA,NA,NA,detected,,
1258,151,35,21,a,Hebstahl,Erbach,Hessen,j,j,j,NA,NA,detected,,
2,98,36,10,a,Muddenhagen,Warburg,Westfalen,j,j,j,j,NA,detected,,
10,111,4,2,br,Westheim,Büren,Westfalen,j,j,j,NA,NA,detected,,
14,111,5,3,du,Germete,Warburg,Westfalen,j,j,NA,NA,NA,detected,,
19,111,5,14,cl,Welda,Warburg,Westfalen,j,j,j,j,NA,detected,,
23,111,6,6,dr,Herlinghausen,Warburg,Westfalen,j,j,j,j,NA,detected,,
45,111,21,2,ao,Oberschledorn,Brilon,Westfalen,j,j,j,j,NA,detected,,
145,112,8,12,b,Speele,Münden,Hannover,j,j,j,j,NA,detected,,
149,112,9,8,d,Hedemünden,Münden,Hannover,j,j,j,j,NA,detected,,
151,112,10,1,au,Mollenfelde,Göttingen,Hannover,j,j,j,j,NA,detected,,
176,112,15,1,a,Escherode,Münden,Hannover,j,j,j,j,NA,detected,,
210,112,23,8,a,Kella,Heiligenstadt,Pr. Sachsen,j,j,j,j,NA,detected,,
212,112,23,15,ar,Bebendorf,Heiligenstadt,Pr. Sachsen,j,NA,NA,NA,NA,detected,,
259,112,35,23,dr,Sallmannshausen,Eisenach,Thüringen,j,NA,NA,NA,NA,detected,,
319,125,1,14,c,Puderbach,Wittgenstein,Westfalen,j,j,j,j,NA,detected,,
527,126,5,5,a,Lauchröden,Eisenach,Thüringen,j,j,j,j,NA,detected,,
531,126,5,21,ar,Dankmarshausen,Eisenach,Thüringen,NA,NA,NA,j,NA,detected,,
533,126,6,1,b,Göringen,Eisenach,Thüringen,j,j,j,j,NA,detected,,
575,126,17,1,b,Vacha,Eisenach,Thüringen,NA,NA,NA,j,NA,detected,,
661,126,35,17,a,Birx,Meiningen,Thüringen,j,j,j,j,NA,detected,,
680,138,4,24,br,Niedererbach,Unterwesterwaldkreis,Hessen-Nassau,j,j,j,j,NA,detected,,
705,138,11,11,d,Freiendiez,Unterlahnkreis,Hessen-Nassau,j,j,j,j,NA,detected,,
728,138,17,8,dr,Kaltenholzhausen,Unterlahnkreis,Hessen-Nassau,j,j,j,j,NA,detected,,
781,138,34,21,ar,Trechtingshausen,St. Goar,Rheinprovinz,j,NA,j,j,NA,detected,,
790,138,36,17,du,Mombach,Mainz,Hessen,j,j,j,j,NA,detected,,
978,139,29,14,cu,Albstadt,BA. Alzenau,RegBez. Unterfranken (Bayern),j,j,j,j,NA,detected,,
982,139,30,11,dr,Geiselbach,BA. Alzenau,RegBez. Unterfranken (Bayern),j,j,j,j,NA,detected,,
1106,151,11,7,au,Wenigumstadt,Dieburg,Hessen,NA,NA,NA,j,NA,detected,,
1159,151,19,11,du,Rheindürkheim,Worms,Hessen,j,j,j,j,NA,detected,,
66,111,27,1,du,Dreislar,Brilon,Westfalen,j,j,j,j,NA,detected,,
116,112,4,6,dl,Volkerode,Göttingen,Hannover,j,j,j,j,NA,detected,,
148,112,8,18,dl,Landwehrhagen,Münden,Hannover,j,j,j,j,NA,detected,,
156,112,10,14,co,Hohengandern,Heiligenstadt,Pr. Sachsen,j,j,j,j,NA,detected,,
190,112,17,23,du,Pfaffschwende,Heiligenstadt,Pr. Sachsen,j,NA,j,j,NA,detected,,
216,112,24,12,cu,Hildebrandshausen,Mühlhausen,Pr. Sachsen,j,j,j,j,NA,detected,,
236,112,30,7,dr,Treffurt,Mühlhausen,Pr. Sachsen,j,j,j,NA,NA,detected,,
238,112,30,17,cr,Schnellmannshausen,Mühlhausen,Pr. Sachsen,j,j,j,j,NA,detected,,
260,112,36,6,ao,Ifta,Eisenach,Thüringen,j,j,j,j,NA,detected,,
409,125,22,10,bl,Homberg,Alsfeld,Hessen,j,j,j,j,NA,detected,,
528,126,5,8,c,Gerstungen,Eisenach,Thüringen,j,j,NA,j,NA,detected,,
532,126,5,22,c,Dippach,Eisenach,Thüringen,j,j,j,j,NA,detected,,
534,126,6,2,a,Neuenhof,Eisenach,Thüringen,j,j,j,j,NA,detected,,
572,126,16,5,cl,Unterbreizbach,Eisenach,Thüringen,j,j,j,j,NA,detected,,
624,126,28,8,b,Ketten,Eisenach,Thüringen,j,j,j,j,NA,detected,,
631,126,29,17,b,Unterweid,Eisenach,Thüringen,j,j,j,j,NA,detected,,
678,138,4,15,co,Hundsangen,Unterwesterwaldkreis,Hessen-Nassau,j,j,j,NA,NA,detected,,
713,138,15,8,c,Sulzbach,Unterlahnkreis,Hessen-Nassau,NA,NA,j,j,NA,detected,,
777,138,33,19,ao,Oberdiebach,St. Goar,Rheinprovinz,j,j,j,j,NA,detected,,
967,139,26,11,bo,Sulzbach,Unterlahnkreis,Hessen-Nassau,NA,j,NA,NA,NA,detected,,
983,139,30,13,al,Huckelheim,BA. Alzenau,RegBez. Unterfranken (Bayern),j,j,j,j,NA,detected,,
1007,139,35,22,du,Kleinostheim,BA. Aschaffenburg,RegBez. Unterfranken (Bayern),NA,NA,j,j,NA,detected,,
1035,140,9,13,d,Kothen,BA. Brückenau,RegBez. Unterfranken (Bayern),j,j,j,j,NA,detected,,
1047,140,15,21,a,Zeitlofs,BA. Brückenau,BegBez. Unterfranken (Bayern),j,j,j,j,NA,detected,,
1052,140,25,16,br,Wiesen,BA. Lohr,RegBez. Unterfranken (Bayern),j,NA,NA,NA,NA,detected,,
1082,151,7,11,au,Nierstein,Oppenheim,Hessen,j,NA,NA,NA,NA,detected,,
1084,151,7,16,d,Oppenheim,Oppenheim,Hessen,j,j,j,j,NA,detected,,
1110,151,11,18,ac,Mömlingen,BA. Obernburg,RegBez. Unterfranken (Bayern),NA,NA,NA,j,NA,detected,,
1245,151,33,6,c,Weinheim,AB. Weinheim,Baden,j,j,j,NA,NA,detected,,
1259,151,35,24,dl,Reisenbach,AB. Buchen,Baden,NA,j,j,j,NA,detected,,
3,98,36,14,cl,Körbecke,Warburg,Westfalen,j,j,NA,NA,NA,detected,,
5,98,36,18,co,Rösebeck,Warburg,Westfalen,j,j,j,j,NA,detected,,
17,111,5,9,do,Wormeln,Warburg,Westfalen,j,j,j,j,NA,detected,,
27,111,9,3,au,Beringhausen,Brilon,Westfalen,j,j,j,j,NA,detected,,
106,112,3,1,c,Bühren,Münden,Hannover,j,j,j,j,NA,detected,,
146,112,8,14,co,Lutterberg,Münden,Hannover,j,j,j,j,NA,detected,,
157,112,10,25,c,Gerbershausen,Heiligenstadt,Pr. Sachsen,j,j,j,j,NA,detected,,
233,112,30,3,a,Wendehausen,Mühlhausen,Pr. Sachsen,j,NA,NA,NA,NA,detected,,
285,124,29,3,c,Nister-Möhrendorf,Oberwesterwaldkreis,Hessen-Nassau,j,j,NA,NA,NA,detected,,
287,124,29,8,a,Waigandshain,Oberwesterwaldkreis,Hessen-Nassau,NA,NA,NA,j,NA,detected,,
307,124,35,3,d,Mittelhofen,Oberwesterwaldkreis,Hessen-Nassau,j,j,j,NA,NA,detected,,
597,126,22,15,cu,Kranlucken,Eisenach,Thüringen,j,j,j,j,NA,detected,,
632,126,29,19,ac,Kaltenwestheim,Eisenach,Thüringen,j,j,j,j,NA,detected,,
698,138,10,3,d,Eppenrod,Unterlahnkreis,Hessen-Nassau,NA,NA,j,j,NA,detected,,
726,138,17,2,cr,Lohrheim,Unterlahnkreis,Hessen-Nassau,j,j,j,j,NA,detected,,
755,138,27,14,d,Weisel,St. Goarshausen,Hessen-Nassau,j,j,NA,j,NA,detected,,
773,138,33,8,c,Steeg,St. Goar,Rheinprovinz,j,j,j,j,NA,detected,,
776,138,33,18,bo,Manubach,St. Goar,Rheinprovinz,j,j,j,j,NA,detected,,
778,138,33,19,co,Oberheimbach,St. Goar,Rheinprovinz,j,NA,NA,NA,NA,detected,,
990,139,31,21,ab,Hochheim,Main-Taunuskreis,Hessen-Nassau,j,j,j,j,NA,detected,,
1086,151,7,21,dl,Dienheim,Oppenheim,Hessen,j,j,j,j,NA,detected,,
1118,151,13,17,ao,Gimbsheim,Worms,Hessen,j,NA,NA,NA,NA,detected,,
1119,151,13,23,cu,Eich,Worms,Hessen,j,j,j,NA,NA,detected,,
1124,151,14,7,d,Eich,Darmstadt,Hessen,j,NA,NA,NA,NA,detected,,
1203,151,26,25,a,Hemsbach,AB. Weinheim,Baden,NA,NA,NA,j,NA,detected,,
1257,151,35,15,c,Schlossau,AB. Buchen,Baden,j,j,j,NA,NA,detected,,
11,111,4,11,cr,Obermarsberg,Brilon,Westfalen,j,j,j,j,NA,detected,,
15,111,5,4,dr,Warburg,Warburg,Westfalen,j,j,j,NA,NA,detected,,
48,111,21,17,ao,Medebach,Brilon,Westfalen,j,j,j,NA,NA,detected,,
49,111,21,21,cl,Medelon,Brilon,Westfalen,j,j,j,NA,NA,detected,,
153,112,10,4,bd,Reiffenhausen,Göttingen,Hannover,j,j,j,j,NA,detected,,
192,112,17,24,c,Sickerode,Heiligenstadt,Pr. Sachsen,j,j,j,j,NA,detected,,
218,112,24,24,au,Diedorf,Mühlhausen,Pr. Sachsen,j,NA,NA,NA,NA,detected,,
261,112,36,8,c,Creuzburg,Eisenach,Thüringen,NA,NA,NA,j,NA,detected,,
265,124,23,8,d,Lützeln,Siegen,Westfalen,j,j,NA,NA,NA,detected,,
320,125,1,21,bd,Herbertshausen,Wittgenstein,Westfalen,NA,NA,NA,j,NA,detected,,
340,125,7,1,bl,Banfe,Wittgenstein,Westfalen,j,j,j,NA,NA,detected,,
576,126,17,11,al,Sünna,Eisenach,Thüringen,j,j,j,j,NA,detected,,
633,126,29,19,do,Mittelsdorf,Eisenach,Thüringen,j,NA,NA,NA,NA,detected,,
677,138,4,13,b,Steinefrenz,Unterwesterwaldkreis,Hessen-Nassau,j,j,j,j,NA,detected,,
740,138,22,21,cu,Lautert,St. Goarshausen,Hessen-Nassau,j,j,j,NA,NA,detected,,
979,139,29,22,du,Alzenau,BA. Alzenau,RegBez. Unterfranken (Bayern),j,j,j,NA,NA,detected,,
1008,139,36,2,al,Krombach,BA. Alzenau,BegBez. Unterfranken (Bayern),j,j,j,j,NA,detected,,
1115,151,13,11,a,Guntersblum,Oppenheim,Hessen,j,j,j,j,NA,detected,,
1251,151,33,16,c,Hohensachsen,AB. Weinheim,Baden,j,j,j,j,NA,detected,,
111,112,3,18,bl,Meensen,Münden,Hannover,j,j,j,j,NA,detected,,
112,112,3,22,du,Lippoldshausen,Münden,Hannover,j,j,j,j,NA,detected,,
119,112,4,13,a,Obernjesa,Göttingen,Hannover,j,j,j,j,NA,detected,,
120,112,4,14,co,Ballenhausen,Göttingen,Hannover,j,j,j,j,NA,detected,,
187,112,17,2,d,Wüstheuterode,Heiligenstadt,Pr. Sachsen,j,j,j,j,NA,detected,,
237,112,30,13,du,Falken,Mühlhausen,Pr. Sachsen,j,j,j,j,NA,detected,,
240,112,30,23,c,Scherbda,Eisenach,Thüringen,j,j,j,j,NA,detected,,
290,124,29,17,bd,Rennerod,Oberwesterwaldkreis,Hessen-Nassau,NA,NA,j,NA,NA,detected,,
535,126,6,3,ad,Stedtfeld,Eisenach,Thüringen,j,j,j,j,NA,detected,,
720,138,16,10,c,Schönborn,Unterlahnkreis,Hessen-Nassau,j,j,j,NA,NA,detected,,
758,138,27,18,cd,Dörscheid,St. Goarshausen,Hessen-Nassau,NA,NA,j,j,NA,detected,,
1235,151,31,1,br,Roxheim,BA. Frankenthal,RegBez. Pfalz (Bayern),j,j,j,NA,NA,detected,,
1,98,36,2,dr,Borgentreich,Warburg,Westfalen,j,j,j,j,NA,detected,,
4,98,36,16,cl,Dössel,Warburg,Westfalen,j,NA,NA,NA,NA,detected,,
108,112,3,12,ar,Niederscheden,Münden,Hannover,j,j,j,j,NA,detected,,
110,112,3,14,bo,Jühnde,Münden,Hannover,NA,NA,NA,j,NA,detected,,
214,112,24,3,c,Effelder,Mühlhausen,Pr. Sachsen,j,NA,NA,NA,NA,detected,,
239,112,30,23,br,Frankenroda,Eisenach,Thüringen,j,j,j,j,NA,detected,,
263,112,36,19,c,Madelungen,Eisenach,Thüringen,j,j,j,j,NA,detected,,
537,126,6,11,cr,Oberellen,Eisenach,Thüringen,NA,NA,NA,j,NA,detected,,
551,126,11,14,b,Frauensee,Eisenach,Thüringen,j,j,j,j,NA,detected,,
634,126,29,20,co,Kaltensundheim,Eisenach,Thüringen,j,j,j,j,NA,detected,,
636,126,29,24,du,Reichenhausen,Eisenach,Thüringen,j,j,j,j,NA,detected,,
702,138,10,24,b,Balduinstein,Unterlahnkreis,Hessen-Nassau,j,j,j,j,NA,detected,,
752,138,27,5,ao,Niederwallmenach,St. Goarshausen,Hessen-Nassau,j,j,j,j,NA,detected,,
772,138,33,1,do,Perscheid,St. Goar,Rheinprovinz,j,j,j,NA,NA,detected,,
1117,151,13,16,cu,Alsheim,Worms,Hessen,j,j,j,j,NA,detected,,
1260,151,36,1,c,Mörschenhardt,AB. Buchen,Baden,NA,NA,NA,j,NA,detected,,
1262,151,36,12,cu,Mudau,AB. Buchen,Baden,j,j,j,j,NA,detected,,
109,112,3,12,b,Oberscheden,Münden,Hannover,j,j,j,j,NA,detected,,
117,112,4,8,bl,Niedernjesa,Göttingen,Hannover,j,j,j,j,NA,detected,,
130,112,5,21,a,Lichtenhagen,Göttingen,Hannover,j,j,j,j,NA,detected,,
217,112,24,15,ar,Eigenrieden,Mühlhausen,Pr. Sachsen,j,j,j,NA,NA,detected,,
234,112,30,5,ao,Heyerode,Mühlhausen,Pr. Sachsen,j,j,j,j,NA,detected,,
284,124,28,24,b,Halbs,Oberwesterwaldkreis,Hessen-Nassau,j,j,j,j,NA,detected,,
304,124,34,13,ao,Kaden,Oberwesterwaldkreis,Hessen-Nassau,j,j,NA,NA,NA,detected,,
554,126,11,24,au,Kieselbach,Eisenach,Thüringen,j,j,j,j,NA,detected,,
725,138,16,21,dr,Lollschied,Unterlahnkreis,Hessen-Nassau,j,j,j,j,NA,detected,,
734,138,21,10,ab,Miehlen,St. Goarshausen,Hessen-Nassau,j,j,j,j,NA,detected,,
757,138,27,17,ad,Oberwesel,St. Goar,Rheinprovinz,j,j,j,j,NA,detected,,
1109,151,11,15,dl,Kleinwallstadt,BA. Obernburg,RegBez. Unterfranken (Bayern),j,NA,NA,NA,NA,detected,,
1155,151,18,2,a,Rück,BA. Obernburg,RegBez. Unterfranken (Bayern),j,j,j,j,NA,detected,,
1230,151,30,11,c,Kirchzell,BA. Miltenberg,RegBez. Unterfranken (Bayern),j,j,NA,j,NA,detected,,
118,112,4,10,cu,Reinhausen,Göttingen,Hannover,j,j,j,j,NA,detected,,
165,112,11,24,cu,Lutter,Heiligenstadt,Pr. Sachsen,j,j,j,j,NA,detected,,
188,112,17,4,d,Kalteneber,Heiligenstadt,Pr. Sachsen,j,j,j,j,NA,detected,,
242,112,31,17,ac,Kasdorf,Fritzlar-Homberg,Hessen-Nassau,j,j,j,j,NA,detected,,
264,124,23,6,d,Emmerzhausen,Altenkirchen,Rheinprovinz,NA,NA,NA,j,NA,detected,,
305,124,34,21,dr,Oberahr,Oberwesterwaldkreis,Hessen-Nassau,j,j,j,j,NA,detected,,
538,126,6,17,d,Förtha,Eisenach,Thüringen,j,j,j,j,NA,detected,,
662,126,35,20,c,Fladungen,BA. Mellrichststadt,RegBez. Unterfranken (Bayern),NA,j,j,j,NA,detected,,
669,138,2,13,bd,Stromberg,Unterwesterwaldkreis,Hessen-Nassau,j,j,NA,NA,NA,detected,,
699,138,10,6,b,Stahlhofen,Unterwesterwaldkreis,Hessen-Nassau,j,NA,NA,NA,NA,detected,,
721,138,16,13,cr,Kördorf,Unterlahnkreis,Hessen-Nassau,j,j,j,j,NA,detected,,
756,138,27,16,cr,Damscheid,St. Goar,Rheinprovinz,j,j,NA,NA,NA,detected,,
779,138,33,21,bu,Dichtelbach,Simmern,Rheinprovinz,j,j,j,j,NA,detected,,
1076,151,5,10,a,Aschaffenburg,NA,RegBez. Unterfranken (Bayern),j,j,j,j,"Kreis nicht angegeben, vermutlich aber Aschaffenburg",detected,,
1238,151,31,17,dr,Oppau,BA. Frankenthal,RegBez. Pfalz (Bayern),j,j,j,j,NA,detected,,
107,112,3,4,au,Bördel,Münden,Hannover,j,j,j,j,NA,detected,,
113,112,4,1,br,Mengershausen,Göttingen,Hannover,j,j,j,j,NA,detected,,
158,112,11,2,cr,Schachtebich,Heiligenstadt,Pr. Sachsen,j,j,NA,NA,NA,detected,,
539,126,6,23,b,Wolfsburg-Unkeroda,Eisenach,Thüringen,j,j,j,j,NA,detected,,
718,138,16,4,co,Steinsberg,Unterlahnkreis,Hessen-Nassau,j,j,j,j,NA,detected,,
751,138,27,2,do,Patersberg,St. Goarshausen,Hessen-Nassau,j,j,j,NA,NA,detected,,
754,138,27,11,du,Niederburg,St. Goar,Rheinprovinz,j,j,NA,NA,NA,detected,,
1078,151,6,11,cl,Schweinheim,BA. Aschaffenburg,RegBez. Unterfranken (Bayern),j,j,j,j,NA,detected,,
1195,151,24,8,du,Bürgstadt,BA. Miltenberg,RegBez. Unterfranken (Bayern),j,j,j,j,NA,detected,,
1196,151,24,13,dl,Miltenberg,BA. Miltenberg,RegBez. Unterfranken (Bayern),j,j,j,j,NA,detected,,
1201,151,26,10,au,Heppenheim,Heppenheim,Hessen,j,j,j,j,NA,detected,,
1228,151,30,7,ad,Amorbach,BA. Miltenberg,RegBez. Unterfranken (Bayern),j,j,j,j,NA,detected,,
115,112,4,4,dr,Diemarden,Göttingen,Hannover,j,j,j,j,NA,detected,,
128,112,5,12,cu,Bremke,Göttingen,Hannover,j,j,j,j,NA,detected,,
161,112,11,12,bo,Steinheuterode,Heiligenstadt,Pr. Sachsen,j,j,NA,j,NA,detected,,
283,124,28,22,b,Bellingen,Oberwesterwaldkreis,Hessen-Nassau,j,j,j,NA,NA,detected,,
536,126,6,10,ad,Eisenach,Eisenach,Thüringen,NA,NA,NA,j,NA,detected,,
555,126,12,1,br,Marksuhl,Eisenach,Thüringen,j,j,j,j,NA,detected,,
577,126,17,14,du,Stadtlengsfeld,Eisenach,Thüringen,j,NA,NA,j,NA,detected,,
697,138,10,1,al,Holler,Unterwesterwaldkreis,Hessen-Nassau,j,j,j,NA,NA,detected,,
717,138,16,2,bo,Laurenburg,Unterlahnkreis,Hessen-Nassau,j,j,j,j,NA,detected,,
722,138,16,16,ac,Singhofen,Unterlahnkreis,Hessen-Nassau,j,j,j,j,NA,detected,,
736,138,21,13,b,Himmighofen,St. Goarshausen,Hessen-Nassau,j,j,j,j,NA,detected,,
753,138,27,7,al,Biebernheim,St. Goar,Rheinprovinz,j,j,j,j,NA,detected,,
1010,139,36,21,cr,Goldbach,BA. Aschaffenburg,RegBez. Unterfranken (Bayern),NA,j,j,j,NA,detected,,
1156,151,18,3,co,Sommerau,BA. Obernburg,RegBez. Unterfranken (Bayern),j,j,j,j,NA,detected,,
1233,151,30,17,d,Beuchen,BA. Miltenberg,RegBez. Unterfranken (Bayern),NA,NA,j,j,NA,detected,,
1239,151,31,21,bu,Studernheim,BA. Frankenthal,RegBez. Pfalz (Bayern),j,j,j,NA,NA,detected,,
122,112,5,1,ao,Klein Lengden,Göttingen,Hannover,j,j,j,j,NA,detected,,
193,112,18,1,du,Flinsberg,Heiligenstadt,Pr. Sachsen,j,j,j,j,NA,detected,,
194,112,18,13,a,Wachstedt,Mühlhausen,Pr. Sachsen,NA,j,NA,NA,NA,detected,,
303,124,34,6,a,Wölferlingen,Unterwesterwaldkreis,Hessen-Nassau,j,j,j,j,NA,detected,,
556,126,12,3,bo,Eckardtshausen,Eisenach,Thüringen,j,j,j,j,NA,detected,,
639,126,30,17,d,Oberkatz,Meiningen,Thüringen,j,NA,NA,NA,NA,detected,,
694,138,9,10,co,Oberelbert,Unterwesterwaldkreis,Hessen-Nassau,j,j,j,j,NA,detected,,
701,138,10,16,au,Hübingen,Unterwesterwaldkreis,Hessen-Nassau,NA,j,j,NA,NA,detected,,
1009,139,36,18,ad,Sailauf,BA. Aschaffenburg,RegBez. Unterfranken (Bayern),j,j,j,j,NA,detected,,
1011,139,36,21,dr,Hösbach,BA. Aschaffenburg,RegBez. Unterfranken (Bayern),NA,NA,NA,j,NA,detected,,
1229,151,30,8,co,Schneeberg,BA. Miltenberg,RegBez. Unterfranken (Bayern),j,j,j,NA,NA,detected,,
125,112,5,7,ar,Gelliehausen,Göttingen,Hannover,j,j,j,j,NA,detected,,
136,112,6,11,d,Neuendorf,Worbis,Pr. Sachsen,j,j,j,j,NA,detected,,
301,124,33,15,c,Ewighausen,Oberwesterwaldkreis,Hessen-Nassau,j,j,j,j,NA,detected,,
637,126,30,3,al,Friedelshausen,Meiningen,Thüringen,j,j,j,j,NA,detected,,
675,138,3,20,al,Eschelbach,Unterwesterwaldkreis,Hessen-Nassau,j,j,j,j,NA,detected,,
1079,151,6,12,ao,Haibach,BA. Aschaffenburg,RegBez. Unterfranken (Bayern),j,j,j,j,NA,detected,,
1261,151,36,3,b,Hettigenbeuern,AB. Buchen,Baden,j,NA,NA,NA,NA,detected,,
170,112,12,16,d,Geisleden,Heiligenstadt,Pr. Sachsen,j,j,j,j,NA,detected,,
676,138,3,24,bl,Horressen,Unterwesterwaldkreis,Hessen-Nassau,j,NA,NA,NA,NA,detected,,
1194,151,24,5,au,Freudenberg,AB. Wertheim,Baden,NA,j,j,j,NA,detected,,
282,124,28,16,b,Lochum,Oberwesterwaldkreis,Hessen-Nassau,j,j,j,NA,NA,detected,,
557,126,12,9,b,Etterwinden,Eisenach,Thüringen,NA,NA,NA,j,NA,detected,,
124,112,5,3,co,Wöllmarshausen,Göttingen,Hannover,j,j,NA,j,NA,detected,,
297,124,33,4,d,Steinen,Unterwesterwaldkreis,Hessen-Nassau,j,j,NA,NA,NA,detected,,
302,124,33,23,b,Vielbach,Unterwesterwaldkreis,Hessen-Nassau,j,j,j,j,NA,detected,,
559,126,12,18,ar,Möhra,Meiningen,Thüringen,j,j,j,j,NA,detected,,
580,126,18,7,b,Bad Salzungen,Meiningen,Thüringen,j,j,j,j,NA,detected,,
607,126,24,13,a,Rosa,Meiningen,Thüringen,j,j,j,j,NA,detected,,
665,126,36,23,c,Willmars,BA. Mellrichststadt,RegBez. Unterfranken (Bayern),NA,j,j,j,NA,detected,,
673,138,3,4,cu,Siershahn,Unterwesterwaldkreis,Hessen-Nassau,j,j,j,j,NA,detected,,
696,138,9,19,cu,Zimmerschied,Unterlahnkreis,Hessen-Nassau,j,j,j,j,NA,detected,,
714,138,15,9,c,Dienethal,Unterlahnkreis,Hessen-Nassau,j,NA,NA,NA,NA,detected,,
716,138,15,18,ao,Schweighausen,Unterlahnkreis,Hessen-Nassau,j,NA,NA,NA,NA,detected,,
735,138,21,11,b,Dahlheim,St. Goarshausen,Hessen-Nassau,NA,NA,j,NA,NA,detected,,
1231,151,30,14,d,Rippberg,AB. Buchen,Baden,j,j,j,j,NA,detected,,
126,112,5,8,bo,Rittmarshausen,Göttingen,Hannover,NA,NA,j,NA,NA,detected,,
127,112,5,8,do,Kerstlingerode,Göttingen,Hannover,j,j,j,j,NA,detected,,
171,112,12,23,ar,Kreuzebra,Heiligenstadt,Pr. Sachsen,j,j,j,NA,NA,detected,,
139,112,6,21,cl,Günterode,Heiligenstadt,Pr. Sachsen,j,j,j,j,NA,detected,,
640,126,30,24,b,Stepfershausen,Meiningen,Thüringen,j,j,j,j,NA,detected,,
275,124,27,10,cd,Gehlert,Oberwesterwaldkreis,Hessen-Nassau,j,j,j,j,NA,detected,,
298,124,33,8,a,Rückeroth,Unterwesterwaldkreis,Hessen-Nassau,j,j,j,j,NA,detected,,
560,126,12,24,ad,Gumpelstadt,Meiningen,Thüringen,j,j,NA,NA,NA,detected,,
606,126,24,9,bl,Helmers,Meiningen,Thüringen,j,NA,NA,NA,NA,detected,,
608,126,24,14,d,Zillbach,Meiningen,Thüringen,j,j,NA,NA,NA,detected,,
711,138,15,3,bl,Dausenau,Unterlahnkreis,Hessen-Nassau,NA,NA,NA,j,NA,detected,,
715,138,15,12,ab,Becheln,St. Goarshausen,Hessen-Nassau,j,j,j,j,NA,detected,,
920,139,17,23,cl,Diebach,Büdingen,Hessen,j,j,j,j,NA,detected,,
300,124,33,12,d,Krümmel,Unterwesterwaldkreis,Hessen-Nassau,j,j,j,j,NA,detected,,
306,124,34,23,ad,Herschbach,Unterwesterwaldkreis,Hessen-Nassau,j,j,j,j,NA,detected,,
583,126,18,14,au,Immelborn,Meiningen,Thüringen,j,j,j,j,NA,detected,,
693,138,9,7,cu,Neuhäusel,Unterwesterwaldkreis,Hessen-Nassau,NA,j,j,j,NA,detected,,
695,138,9,12,ab,Eitelborn,Unterwesterwaldkreis,Hessen-Nassau,j,j,j,j,NA,detected,,
1266,151,36,20,c,Buchen,AB. Buchen,Baden,j,NA,NA,NA,NA,detected,,
581,126,18,9,du,Barchfeld,Herrschaft Schmalkalden,Hessen-Nassau,NA,NA,NA,j,NA,detected,,
692,138,9,6,co,Simmern,Unterwesterwaldkreis,Hessen-Nassau,j,NA,NA,NA,NA,detected,,
712,138,15,6,a,Frücht,St. Goarshausen,Hessen-Nassau,NA,NA,j,NA,NA,detected,,
276,124,27,13,ao,Höchstenbach,Oberwesterwaldkreis,Hessen-Nassau,j,j,NA,NA,NA,detected,,
299,124,33,11,ad,Brückrachdorf,Neuwied,Rheinprovinz,j,j,j,NA,NA,detected,,
670,138,2,15,c,Grenzau,Unterwesterwaldkreis,Hessen-Nassau,j,j,j,NA,NA,detected,,
132,112,6,2,do,Immingerode,Duderstadt,Hannover,j,j,j,j,NA,detected,,
137,112,6,18,dr,Hundeshagen,Worbis,Pr. Sachsen,NA,NA,NA,j,NA,detected,,
